model_a,model_b,layer,domain,cka,rsa_spearman,knn_overlap,procrustes_residual
gemma3_1b_it,lfm2_5_1_2b_instruct,layer_0,algebraic_geometry,0.893822193145752,0.7676724786728372,0.5307199173375644,0.0281245435424438
gemma3_1b_it,lfm2_5_1_2b_instruct,layer_0,analogy_composition,0.8879199624061584,0.7432430920992854,0.5193349542614248,0.02909341951069708
gemma3_1b_it,lfm2_5_1_2b_instruct,layer_0,factual_recall,0.8955226540565491,0.7647591120008398,0.576740522549346,0.028022533417650458
gemma3_1b_it,lfm2_5_1_2b_instruct,layer_0,logical_reasoning,0.8820410966873169,0.7474711750341155,0.5193454584631055,0.028413831081252873
gemma3_1b_it,lfm2_5_1_2b_instruct,layer_0,narrative_structure,0.9043970108032227,0.7705867407219522,0.5578265503845999,0.02775103606359783
gemma3_1b_it,lfm2_5_1_2b_instruct,layer_0,symbolic_code,0.8883321285247803,0.7819485544011027,0.5551735764235763,0.027887151418206187
gemma3_1b_it,lfm2_5_1_2b_instruct,layer_12,algebraic_geometry,0.4106579124927521,0.6796579890621504,0.45895793748734914,0.04370471404303251
gemma3_1b_it,lfm2_5_1_2b_instruct,layer_12,analogy_composition,0.23129306733608246,0.5853812142834683,0.4230732154842062,0.05758530655539213
gemma3_1b_it,lfm2_5_1_2b_instruct,layer_12,factual_recall,0.25974494218826294,0.6396894458588516,0.4177050645432998,0.05612189211076657
gemma3_1b_it,lfm2_5_1_2b_instruct,layer_12,logical_reasoning,0.28361645340919495,0.630025914091748,0.4329305558562524,0.05076196780383005
gemma3_1b_it,lfm2_5_1_2b_instruct,layer_12,narrative_structure,0.277127206325531,0.6651327257382518,0.44229822465116575,0.056595036846834715
gemma3_1b_it,lfm2_5_1_2b_instruct,layer_12,symbolic_code,0.24253928661346436,0.5845688740610859,0.4231594609380987,0.05613888150540131
gemma3_1b_it,lfm2_5_1_2b_instruct,layer_16,algebraic_geometry,0.7335400581359863,0.6221216301436249,0.430799059901227,0.030524715949414916
gemma3_1b_it,lfm2_5_1_2b_instruct,layer_16,analogy_composition,0.5616434216499329,0.6060551710158705,0.4590060429766312,0.03526751134905795
gemma3_1b_it,lfm2_5_1_2b_instruct,layer_16,factual_recall,0.6576725840568542,0.5459536758483052,0.4112696329298496,0.032791912941991734
gemma3_1b_it,lfm2_5_1_2b_instruct,layer_16,logical_reasoning,0.6695910096168518,0.5826167251908227,0.42478479037302563,0.03307876439295688
gemma3_1b_it,lfm2_5_1_2b_instruct,layer_16,narrative_structure,0.675450325012207,0.5909173274583891,0.4595489477842419,0.03256175953898587
gemma3_1b_it,lfm2_5_1_2b_instruct,layer_16,symbolic_code,0.5916752219200134,0.6294559928617321,0.40637677252228327,0.035028167825734285
gemma3_1b_it,lfm2_5_1_2b_instruct,layer_4,algebraic_geometry,0.7721054553985596,0.6960929036069782,0.4187876807574949,0.031520662838466745
gemma3_1b_it,lfm2_5_1_2b_instruct,layer_4,analogy_composition,0.7674622535705566,0.7201478392090426,0.4261906312641607,0.03159879888092109
gemma3_1b_it,lfm2_5_1_2b_instruct,layer_4,factual_recall,0.7925001978874207,0.6701526431744639,0.4339994237788355,0.03175590125874545
gemma3_1b_it,lfm2_5_1_2b_instruct,layer_4,logical_reasoning,0.7750308513641357,0.6768673248393503,0.4109734340307096,0.03175828044834389
gemma3_1b_it,lfm2_5_1_2b_instruct,layer_4,narrative_structure,0.7640981078147888,0.659050805518097,0.3756828319599218,0.03272611328209653
gemma3_1b_it,lfm2_5_1_2b_instruct,layer_4,symbolic_code,0.7437512874603271,0.662469657223156,0.41129983363729494,0.03257728222329243
gemma3_1b_it,lfm2_5_1_2b_instruct,layer_8,algebraic_geometry,0.367399126291275,0.6913968422373472,0.38500863472612695,0.04653945206828732
gemma3_1b_it,lfm2_5_1_2b_instruct,layer_8,analogy_composition,0.26923951506614685,0.6513324054343477,0.4345728944258356,0.05173397106824284
gemma3_1b_it,lfm2_5_1_2b_instruct,layer_8,factual_recall,0.27717459201812744,0.6245678439485246,0.3794068715082647,0.05404902159261893
gemma3_1b_it,lfm2_5_1_2b_instruct,layer_8,logical_reasoning,0.2825632095336914,0.5905230970198344,0.40157156354137774,0.04930349296984996
gemma3_1b_it,lfm2_5_1_2b_instruct,layer_8,narrative_structure,0.3365919589996338,0.6743580560056063,0.451731707834649,0.049663098310714617
gemma3_1b_it,lfm2_5_1_2b_instruct,layer_8,symbolic_code,0.3002171516418457,0.6065184301835072,0.41068633765615187,0.046712557604491264
gemma3_1b_it,qwen2_5_0_5b_instruct,layer_0,algebraic_geometry,0.923503577709198,0.8334565422635747,0.56942991648874,0.015440200816684025
gemma3_1b_it,qwen2_5_0_5b_instruct,layer_0,analogy_composition,0.9184797406196594,0.8324089694152611,0.5956311580576287,0.017013651199730615
gemma3_1b_it,qwen2_5_0_5b_instruct,layer_0,factual_recall,0.9223584532737732,0.7990528458419406,0.6065011785600022,0.015084931332859935
gemma3_1b_it,qwen2_5_0_5b_instruct,layer_0,logical_reasoning,0.9128352403640747,0.8105250405576337,0.545024975024975,0.015847347802668964
gemma3_1b_it,qwen2_5_0_5b_instruct,layer_0,narrative_structure,0.9322372674942017,0.8140155934444717,0.6163989093981354,0.014702689973331295
gemma3_1b_it,qwen2_5_0_5b_instruct,layer_0,symbolic_code,0.9191249012947083,0.8307681462503403,0.5798659673659674,0.015435123175109677
gemma3_1b_it,qwen2_5_0_5b_instruct,layer_12,algebraic_geometry,0.09185687452554703,0.5523687572175844,0.40346356043337467,0.05783523736706173
gemma3_1b_it,qwen2_5_0_5b_instruct,layer_12,analogy_composition,0.07342148572206497,0.5148853951145362,0.3831990231990231,0.053556430300647856
gemma3_1b_it,qwen2_5_0_5b_instruct,layer_12,factual_recall,0.06695391237735748,0.5530473541822952,0.3783674044393859,0.057064460016179354
gemma3_1b_it,qwen2_5_0_5b_instruct,layer_12,logical_reasoning,0.060856834053993225,0.5348046337831187,0.3531934542925255,0.059519332710490334
gemma3_1b_it,qwen2_5_0_5b_instruct,layer_12,narrative_structure,0.04812204837799072,0.5086936474269282,0.37915475649221775,0.05638980276801092
gemma3_1b_it,qwen2_5_0_5b_instruct,layer_12,symbolic_code,0.046481020748615265,0.42344150782326134,0.3904466263870289,0.05983435511500016
gemma3_1b_it,qwen2_5_0_5b_instruct,layer_16,algebraic_geometry,0.3191681206226349,0.5657432736727616,0.3868090139994165,0.04904921681809889
gemma3_1b_it,qwen2_5_0_5b_instruct,layer_16,analogy_composition,0.2590124011039734,0.49612100896706046,0.3535130860711356,0.04707361279694469
gemma3_1b_it,qwen2_5_0_5b_instruct,layer_16,factual_recall,0.2349407821893692,0.5726363487059122,0.3751979371677514,0.051732512787284364
gemma3_1b_it,qwen2_5_0_5b_instruct,layer_16,logical_reasoning,0.24193495512008667,0.5713028582863975,0.3717629549672893,0.051554041957264984
gemma3_1b_it,qwen2_5_0_5b_instruct,layer_16,narrative_structure,0.25021645426750183,0.5632953589621268,0.3883395014857864,0.049174325523218626
gemma3_1b_it,qwen2_5_0_5b_instruct,layer_16,symbolic_code,0.19969770312309265,0.500738486735424,0.3935173873254368,0.052431581490110304
gemma3_1b_it,qwen2_5_0_5b_instruct,layer_4,algebraic_geometry,0.2566017210483551,0.611097725054256,0.4091483413387438,0.06365290173693568
gemma3_1b_it,qwen2_5_0_5b_instruct,layer_4,analogy_composition,0.253184974193573,0.6521778999330305,0.4427660982808041,0.05959239005769912
gemma3_1b_it,qwen2_5_0_5b_instruct,layer_4,factual_recall,0.2833636403083801,0.600789335118778,0.4264290529731706,0.0634342059546975
gemma3_1b_it,qwen2_5_0_5b_instruct,layer_4,logical_reasoning,0.1975514143705368,0.5884555416361452,0.4143002177561001,0.06453831851576768
gemma3_1b_it,qwen2_5_0_5b_instruct,layer_4,narrative_structure,0.25245797634124756,0.5997688688024095,0.43589697669032035,0.0624620046000967
gemma3_1b_it,qwen2_5_0_5b_instruct,layer_4,symbolic_code,0.2046884447336197,0.61409902954237,0.3692158044054329,0.06442595923232249
gemma3_1b_it,qwen2_5_0_5b_instruct,layer_8,algebraic_geometry,0.16978561878204346,0.658269210141457,0.41670753652951786,0.055790685316428563
gemma3_1b_it,qwen2_5_0_5b_instruct,layer_8,analogy_composition,0.07224352657794952,0.6100456780049217,0.4418785054814467,0.05263069584653032
gemma3_1b_it,qwen2_5_0_5b_instruct,layer_8,factual_recall,0.06267647445201874,0.5816322246558264,0.43679110706974483,0.05764930233017107
gemma3_1b_it,qwen2_5_0_5b_instruct,layer_8,logical_reasoning,0.0898931547999382,0.5652800601062271,0.4132399931509838,0.05925241250418599
gemma3_1b_it,qwen2_5_0_5b_instruct,layer_8,narrative_structure,0.0712565928697586,0.5857491998037724,0.44535656122343426,0.05509718421229091
gemma3_1b_it,qwen2_5_0_5b_instruct,layer_8,symbolic_code,0.08078902214765549,0.596983621302895,0.4671974104327046,0.058207798649158635
gemma3_1b_it,qwen3_0_6b,layer_0,algebraic_geometry,0.9214382767677307,0.8265327097460485,0.5820100732600733,0.01549857630921404
gemma3_1b_it,qwen3_0_6b,layer_0,analogy_composition,0.9188022017478943,0.8195911064483629,0.5932867132867132,0.01704938645891179
gemma3_1b_it,qwen3_0_6b,layer_0,factual_recall,0.9205964207649231,0.7858140829972061,0.6191173532350004,0.015145425758198834
gemma3_1b_it,qwen3_0_6b,layer_0,logical_reasoning,0.9127039909362793,0.7992708854209546,0.5529907592407592,0.015787911263227688
gemma3_1b_it,qwen3_0_6b,layer_0,narrative_structure,0.9270569682121277,0.8025815718078502,0.623079826520229,0.014894989184347101
gemma3_1b_it,qwen3_0_6b,layer_0,symbolic_code,0.9154290556907654,0.8153450767685764,0.5851597422185658,0.015557931715971932
gemma3_1b_it,qwen3_0_6b,layer_12,algebraic_geometry,0.07061465829610825,0.589483013592585,0.3999097879244938,0.06416147511386208
gemma3_1b_it,qwen3_0_6b,layer_12,analogy_composition,0.05131709948182106,0.5094405433782212,0.38240788623141564,0.06702627227147487
gemma3_1b_it,qwen3_0_6b,layer_12,factual_recall,0.055908724665641785,0.580559994198048,0.39792423864405285,0.0663917725405676
gemma3_1b_it,qwen3_0_6b,layer_12,logical_reasoning,0.05687260255217552,0.5846530163936262,0.3970068901686548,0.06290757265318417
gemma3_1b_it,qwen3_0_6b,layer_12,narrative_structure,0.042314253747463226,0.5378201497473251,0.41274052744640977,0.06184043973699744
gemma3_1b_it,qwen3_0_6b,layer_12,symbolic_code,0.0402589775621891,0.4763944012621691,0.40810759888546255,0.06511257354141346
gemma3_1b_it,qwen3_0_6b,layer_16,algebraic_geometry,0.22127345204353333,0.5881102775963342,0.4071277780527007,0.057769720091051545
gemma3_1b_it,qwen3_0_6b,layer_16,analogy_composition,0.18179704248905182,0.49147892825512757,0.2938088481006438,0.06168334578854278
gemma3_1b_it,qwen3_0_6b,layer_16,factual_recall,0.18131385743618011,0.5946202492923371,0.3734946383166197,0.06289682099212904
gemma3_1b_it,qwen3_0_6b,layer_16,logical_reasoning,0.19034834206104279,0.5991802634667348,0.3958187460973839,0.05827737888136526
gemma3_1b_it,qwen3_0_6b,layer_16,narrative_structure,0.18464016914367676,0.5756028348970041,0.3689489225944334,0.05777652680708606
gemma3_1b_it,qwen3_0_6b,layer_16,symbolic_code,0.152804434299469,0.5147090369331963,0.38256948933419516,0.06140062051404686
gemma3_1b_it,qwen3_0_6b,layer_4,algebraic_geometry,0.22495052218437195,0.626849107942467,0.39130996024958875,0.07883991168321777
gemma3_1b_it,qwen3_0_6b,layer_4,analogy_composition,0.20827659964561462,0.6473417658568975,0.4384428458538365,0.07889745899017456
gemma3_1b_it,qwen3_0_6b,layer_4,factual_recall,0.254154235124588,0.6037789313750389,0.4257599263481616,0.07933383060091695
gemma3_1b_it,qwen3_0_6b,layer_4,logical_reasoning,0.1647622287273407,0.6005748315750412,0.4147296146406053,0.07977396171054651
gemma3_1b_it,qwen3_0_6b,layer_4,narrative_structure,0.2197730988264084,0.5970024921146666,0.4515476697365242,0.07765448942200037
gemma3_1b_it,qwen3_0_6b,layer_4,symbolic_code,0.1767541915178299,0.6232368038097627,0.4110560354678002,0.079472544308736
gemma3_1b_it,qwen3_0_6b,layer_8,algebraic_geometry,0.13651743531227112,0.6242718459115874,0.39382066248165315,0.07194712335467944
gemma3_1b_it,qwen3_0_6b,layer_8,analogy_composition,0.04572571441531181,0.5952546354881865,0.46631845278904094,0.07309459659349764
gemma3_1b_it,qwen3_0_6b,layer_8,factual_recall,0.044821202754974365,0.5844775127133233,0.425240943696826,0.07413501683709817
gemma3_1b_it,qwen3_0_6b,layer_8,logical_reasoning,0.07199595123529434,0.5591938157010599,0.4027424493291366,0.07256844376605734
gemma3_1b_it,qwen3_0_6b,layer_8,narrative_structure,0.05123700574040413,0.565733130093041,0.45897086358773664,0.07026590664100414
gemma3_1b_it,qwen3_0_6b,layer_8,symbolic_code,0.0635487511754036,0.5931735693142303,0.45354420089714204,0.07267360858246172
gemma3_1b_it,qwen3_5_0_8b,layer_0,algebraic_geometry,0.9307599663734436,0.8468267848552948,0.600883185442009,0.01467250334675658
gemma3_1b_it,qwen3_5_0_8b,layer_0,analogy_composition,0.9226208925247192,0.8447436704750996,0.6047854351530823,0.016575751765729705
gemma3_1b_it,qwen3_5_0_8b,layer_0,factual_recall,0.9256222248077393,0.8163742360541182,0.6197475563652034,0.014775774715991612
gemma3_1b_it,qwen3_5_0_8b,layer_0,logical_reasoning,0.9192920923233032,0.8179859843356985,0.5612470862470862,0.0153857428737231
gemma3_1b_it,qwen3_5_0_8b,layer_0,narrative_structure,0.9329558610916138,0.833147004332491,0.6255952277856303,0.014516925631177105
gemma3_1b_it,qwen3_5_0_8b,layer_0,symbolic_code,0.9239648580551147,0.8353792732349465,0.597196455505279,0.014805178464855236
gemma3_1b_it,qwen3_5_0_8b,layer_12,algebraic_geometry,0.42344680428504944,0.6551346511559818,0.45864271950959257,0.026284884181161487
gemma3_1b_it,qwen3_5_0_8b,layer_12,analogy_composition,0.2215786725282669,0.6046453996200598,0.4046460930710157,0.027760984827188827
gemma3_1b_it,qwen3_5_0_8b,layer_12,factual_recall,0.24981607496738434,0.6318767752104056,0.4057287728611258,0.026826580766332604
gemma3_1b_it,qwen3_5_0_8b,layer_12,logical_reasoning,0.2805679142475128,0.6341598124502693,0.43062986849751556,0.027540858159443703
gemma3_1b_it,qwen3_5_0_8b,layer_12,narrative_structure,0.2548673152923584,0.6533727120207635,0.4337332765273942,0.025575997369974932
gemma3_1b_it,qwen3_5_0_8b,layer_12,symbolic_code,0.2511572241783142,0.5643954879601754,0.41379091281955055,0.02741320799935876
gemma3_1b_it,qwen3_5_0_8b,layer_16,algebraic_geometry,0.7507480978965759,0.6209449362355328,0.4035516319765546,0.027992897861120022
gemma3_1b_it,qwen3_5_0_8b,layer_16,analogy_composition,0.4964406192302704,0.6017707512988845,0.3139827368194241,0.030832236214889803
gemma3_1b_it,qwen3_5_0_8b,layer_16,factual_recall,0.6094847321510315,0.6693783803749727,0.36284876243467573,0.029244922679696767
gemma3_1b_it,qwen3_5_0_8b,layer_16,logical_reasoning,0.6824824213981628,0.635341456411536,0.41090474068415245,0.02866628438180585
gemma3_1b_it,qwen3_5_0_8b,layer_16,narrative_structure,0.6626672744750977,0.6492299861616707,0.38727679355388334,0.028232905197307732
gemma3_1b_it,qwen3_5_0_8b,layer_16,symbolic_code,0.5847669243812561,0.5917075679266234,0.3643234543234543,0.02915977340165021
gemma3_1b_it,qwen3_5_0_8b,layer_4,algebraic_geometry,0.7618555426597595,0.6577694961595701,0.41914356455378127,0.028286992248001762
gemma3_1b_it,qwen3_5_0_8b,layer_4,analogy_composition,0.7768012285232544,0.6736012857520939,0.4724894223423635,0.02682924655450092
gemma3_1b_it,qwen3_5_0_8b,layer_4,factual_recall,0.790188729763031,0.6436941338968666,0.43299277519865753,0.027546225560601566
gemma3_1b_it,qwen3_5_0_8b,layer_4,logical_reasoning,0.7851604223251343,0.6769307770121182,0.45316986934633996,0.027081261527829383
gemma3_1b_it,qwen3_5_0_8b,layer_4,narrative_structure,0.7896407246589661,0.6727044641803013,0.4922398331802356,0.02575707076788986
gemma3_1b_it,qwen3_5_0_8b,layer_4,symbolic_code,0.7337736487388611,0.6573152878932901,0.41930136040430155,0.02727545313234333
gemma3_1b_it,qwen3_5_0_8b,layer_8,algebraic_geometry,0.4275256097316742,0.7574637809437492,0.4699306086070792,0.022994037176006628
gemma3_1b_it,qwen3_5_0_8b,layer_8,analogy_composition,0.2534518539905548,0.6922309294878974,0.47300844580256346,0.02366111220612795
gemma3_1b_it,qwen3_5_0_8b,layer_8,factual_recall,0.2513936161994934,0.656262840350033,0.45017429465958875,0.023596981561433774
gemma3_1b_it,qwen3_5_0_8b,layer_8,logical_reasoning,0.30431410670280457,0.6906773411509047,0.45335281935127136,0.024081607099036288
gemma3_1b_it,qwen3_5_0_8b,layer_8,narrative_structure,0.29917943477630615,0.6922763797762453,0.4810341455929691,0.023008213268503264
gemma3_1b_it,qwen3_5_0_8b,layer_8,symbolic_code,0.3461851477622986,0.7306611619644847,0.5025407762172468,0.022638482147283874
lfm2_5_1_2b_instruct,qwen2_5_0_5b_instruct,layer_0,algebraic_geometry,0.9509763121604919,0.8934437340754845,0.652179070929071,0.025365785748341994
lfm2_5_1_2b_instruct,qwen2_5_0_5b_instruct,layer_0,analogy_composition,0.9346204996109009,0.8639082469152121,0.5891104728604728,0.026984279522063392
lfm2_5_1_2b_instruct,qwen2_5_0_5b_instruct,layer_0,factual_recall,0.9501377940177917,0.9053981103590503,0.6647985347985349,0.025496740221350195
lfm2_5_1_2b_instruct,qwen2_5_0_5b_instruct,layer_0,logical_reasoning,0.9521259069442749,0.8983095544311238,0.6817893625981861,0.025339344922928688
lfm2_5_1_2b_instruct,qwen2_5_0_5b_instruct,layer_0,narrative_structure,0.9528983235359192,0.9045971102173175,0.6492257742257743,0.02521042825004599
lfm2_5_1_2b_instruct,qwen2_5_0_5b_instruct,layer_0,symbolic_code,0.9547321200370789,0.900574535076513,0.6743106893106894,0.025076295904660068
lfm2_5_1_2b_instruct,qwen2_5_0_5b_instruct,layer_12,algebraic_geometry,0.34455087780952454,0.7535614250911474,0.4859331191684133,0.05442201698725549
lfm2_5_1_2b_instruct,qwen2_5_0_5b_instruct,layer_12,analogy_composition,0.3702962398529053,0.643394237144606,0.37835232577879635,0.05221158758493799
lfm2_5_1_2b_instruct,qwen2_5_0_5b_instruct,layer_12,factual_recall,0.3450103998184204,0.6462004547937775,0.3848090978508935,0.05666454964408373
lfm2_5_1_2b_instruct,qwen2_5_0_5b_instruct,layer_12,logical_reasoning,0.33526861667633057,0.7228106914832149,0.4661461006313947,0.05603021428588567
lfm2_5_1_2b_instruct,qwen2_5_0_5b_instruct,layer_12,narrative_structure,0.3604189455509186,0.7512475335808643,0.4783351207615913,0.05369127071308876
lfm2_5_1_2b_instruct,qwen2_5_0_5b_instruct,layer_12,symbolic_code,0.3715711534023285,0.7202647185907147,0.48758761663173433,0.05633176655761142
lfm2_5_1_2b_instruct,qwen2_5_0_5b_instruct,layer_16,algebraic_geometry,0.40303757786750793,0.6902882969282839,0.40332770987182753,0.046522332018422194
lfm2_5_1_2b_instruct,qwen2_5_0_5b_instruct,layer_16,analogy_composition,0.39483174681663513,0.6024779360311711,0.3632917529666756,0.04592009148536518
lfm2_5_1_2b_instruct,qwen2_5_0_5b_instruct,layer_16,factual_recall,0.3484475314617157,0.5277736650626045,0.32865667399336135,0.05213088479940933
lfm2_5_1_2b_instruct,qwen2_5_0_5b_instruct,layer_16,logical_reasoning,0.38698428869247437,0.6757337359902592,0.3878548412371942,0.048523312657064804
lfm2_5_1_2b_instruct,qwen2_5_0_5b_instruct,layer_16,narrative_structure,0.405157208442688,0.6821848487963261,0.434428618766854,0.04686388586406963
lfm2_5_1_2b_instruct,qwen2_5_0_5b_instruct,layer_16,symbolic_code,0.3658211827278137,0.6723190006591057,0.4163917944800298,0.049992429570293886
lfm2_5_1_2b_instruct,qwen2_5_0_5b_instruct,layer_4,algebraic_geometry,0.31152278184890747,0.775672738332186,0.49007952831482243,0.06216488196214945
lfm2_5_1_2b_instruct,qwen2_5_0_5b_instruct,layer_4,analogy_composition,0.3252771496772766,0.7741756156548625,0.48248458241105296,0.058656203185150885
lfm2_5_1_2b_instruct,qwen2_5_0_5b_instruct,layer_4,factual_recall,0.40216514468193054,0.8244997507935049,0.5173712806801042,0.06145376347533424
lfm2_5_1_2b_instruct,qwen2_5_0_5b_instruct,layer_4,logical_reasoning,0.3188686966896057,0.7832471160771683,0.5182049159990336,0.06137251699545979
lfm2_5_1_2b_instruct,qwen2_5_0_5b_instruct,layer_4,narrative_structure,0.34552323818206787,0.8025090765879509,0.4658233922939805,0.060499230079629214
lfm2_5_1_2b_instruct,qwen2_5_0_5b_instruct,layer_4,symbolic_code,0.34748396277427673,0.798986087678338,0.5225631721219957,0.06191484999804342
lfm2_5_1_2b_instruct,qwen2_5_0_5b_instruct,layer_8,algebraic_geometry,0.4449770450592041,0.7489012543289075,0.4690274268215444,0.05472487581128507
lfm2_5_1_2b_instruct,qwen2_5_0_5b_instruct,layer_8,analogy_composition,0.4421173930168152,0.7039433465680047,0.4313499164234458,0.05312393619996846
lfm2_5_1_2b_instruct,qwen2_5_0_5b_instruct,layer_8,factual_recall,0.48814505338668823,0.69794510734896,0.42583133155114583,0.056680021752172086
lfm2_5_1_2b_instruct,qwen2_5_0_5b_instruct,layer_8,logical_reasoning,0.5175688862800598,0.7410392057267068,0.4811015455133102,0.05693375420957737
lfm2_5_1_2b_instruct,qwen2_5_0_5b_instruct,layer_8,narrative_structure,0.4503939747810364,0.7649679690661664,0.49411021984551395,0.05470130307891293
lfm2_5_1_2b_instruct,qwen2_5_0_5b_instruct,layer_8,symbolic_code,0.46568548679351807,0.7250132991687261,0.4635359798440294,0.05729802099188733
lfm2_5_1_2b_instruct,qwen3_0_6b,layer_0,algebraic_geometry,0.9581405520439148,0.9022306165816061,0.6949712787212787,0.024297883652169942
lfm2_5_1_2b_instruct,qwen3_0_6b,layer_0,analogy_composition,0.9426844120025635,0.8757403749927172,0.6210834998334999,0.02587192303742447
lfm2_5_1_2b_instruct,qwen3_0_6b,layer_0,factual_recall,0.9575966596603394,0.9157101863975863,0.704975024975025,0.024370420485799616
lfm2_5_1_2b_instruct,qwen3_0_6b,layer_0,logical_reasoning,0.9596695303916931,0.9150745096450132,0.7057933732933733,0.024179151765229903
lfm2_5_1_2b_instruct,qwen3_0_6b,layer_0,narrative_structure,0.9594902396202087,0.9102777480557667,0.6825154012654013,0.024148886113314227
lfm2_5_1_2b_instruct,qwen3_0_6b,layer_0,symbolic_code,0.9594873785972595,0.9106899028445335,0.7172194472194474,0.024000982285177375
lfm2_5_1_2b_instruct,qwen3_0_6b,layer_12,algebraic_geometry,0.30578693747520447,0.7555938025782452,0.490579640947288,0.061122619901269
lfm2_5_1_2b_instruct,qwen3_0_6b,layer_12,analogy_composition,0.2946653366088867,0.6451835407571368,0.38266080110120354,0.06571378569136681
lfm2_5_1_2b_instruct,qwen3_0_6b,layer_12,factual_recall,0.30702081322669983,0.6277836967957505,0.3822740125371704,0.06640737951857119
lfm2_5_1_2b_instruct,qwen3_0_6b,layer_12,logical_reasoning,0.31083422899246216,0.7403154359540787,0.52576971231383,0.05990890446064623
lfm2_5_1_2b_instruct,qwen3_0_6b,layer_12,narrative_structure,0.331408828496933,0.7563808157882387,0.5015901582078053,0.05947939435684141
lfm2_5_1_2b_instruct,qwen3_0_6b,layer_12,symbolic_code,0.34826403856277466,0.7261803098935738,0.4849046623311329,0.062285194355908645
lfm2_5_1_2b_instruct,qwen3_0_6b,layer_16,algebraic_geometry,0.29439079761505127,0.6601152261456639,0.395810472207531,0.056058389454115204
lfm2_5_1_2b_instruct,qwen3_0_6b,layer_16,analogy_composition,0.25801724195480347,0.5506500730705796,0.2407087971368157,0.06125947071838387
lfm2_5_1_2b_instruct,qwen3_0_6b,layer_16,factual_recall,0.27991539239883423,0.5019705270166916,0.2895934616638951,0.06342618962411072
lfm2_5_1_2b_instruct,qwen3_0_6b,layer_16,logical_reasoning,0.3193669021129608,0.6620129569473154,0.3653723130155019,0.05569883047478392
lfm2_5_1_2b_instruct,qwen3_0_6b,layer_16,narrative_structure,0.3181616961956024,0.638432591880999,0.396275160597916,0.055702678482052966
lfm2_5_1_2b_instruct,qwen3_0_6b,layer_16,symbolic_code,0.30105021595954895,0.6452183197708504,0.35630763801042437,0.059577592299186945
lfm2_5_1_2b_instruct,qwen3_0_6b,layer_4,algebraic_geometry,0.2757119834423065,0.8360370199175388,0.5656231268731269,0.07711988193674879
lfm2_5_1_2b_instruct,qwen3_0_6b,layer_4,analogy_composition,0.27439695596694946,0.8146738042999025,0.5405821955821957,0.07782118863723066
lfm2_5_1_2b_instruct,qwen3_0_6b,layer_4,factual_recall,0.3725777864456177,0.8522988085277204,0.5344035131535132,0.07720278478776972
lfm2_5_1_2b_instruct,qwen3_0_6b,layer_4,logical_reasoning,0.2819939851760864,0.8253223317349244,0.5480364488452724,0.0768773183941989
lfm2_5_1_2b_instruct,qwen3_0_6b,layer_4,narrative_structure,0.31008926033973694,0.8177381990116473,0.417295806618562,0.07597197880007578
lfm2_5_1_2b_instruct,qwen3_0_6b,layer_4,symbolic_code,0.3148536682128906,0.8182512717090669,0.5153068989833696,0.07733339787130497
lfm2_5_1_2b_instruct,qwen3_0_6b,layer_8,algebraic_geometry,0.37897321581840515,0.6997231992193095,0.48941205852970554,0.0704354170510301
lfm2_5_1_2b_instruct,qwen3_0_6b,layer_8,analogy_composition,0.3620986342430115,0.6640963210547214,0.44079524233935996,0.07261616242794137
lfm2_5_1_2b_instruct,qwen3_0_6b,layer_8,factual_recall,0.4394323229789734,0.7092594365456563,0.4640580497933439,0.07242780816194619
lfm2_5_1_2b_instruct,qwen3_0_6b,layer_8,logical_reasoning,0.4721999168395996,0.6907548317448992,0.4804495646252612,0.07004115014195009
lfm2_5_1_2b_instruct,qwen3_0_6b,layer_8,narrative_structure,0.38977476954460144,0.7371400502272843,0.4776282296135237,0.06941848103141984
lfm2_5_1_2b_instruct,qwen3_0_6b,layer_8,symbolic_code,0.4200707972049713,0.6615335470987063,0.44812762787607985,0.07146671671661287
lfm2_5_1_2b_instruct,qwen3_5_0_8b,layer_0,algebraic_geometry,0.9415125250816345,0.8980012858269054,0.6435576923076922,0.026353414956840203
lfm2_5_1_2b_instruct,qwen3_5_0_8b,layer_0,analogy_composition,0.9250150918960571,0.8589270901144251,0.5858741258741259,0.028148638895737477
lfm2_5_1_2b_instruct,qwen3_5_0_8b,layer_0,factual_recall,0.9408202171325684,0.9025134245815599,0.6471611721611723,0.02649905549921202
lfm2_5_1_2b_instruct,qwen3_5_0_8b,layer_0,logical_reasoning,0.9411718249320984,0.9021847155188933,0.6562894458482694,0.026284070746985227
lfm2_5_1_2b_instruct,qwen3_5_0_8b,layer_0,narrative_structure,0.9440979957580566,0.9045754654524423,0.6386413586413587,0.026190685974739638
lfm2_5_1_2b_instruct,qwen3_5_0_8b,layer_0,symbolic_code,0.9458966851234436,0.9079982841092619,0.669007659007659,0.02596819276145063
lfm2_5_1_2b_instruct,qwen3_5_0_8b,layer_12,algebraic_geometry,0.9060935378074646,0.8471040089974594,0.5515201465201465,0.021454720471897795
lfm2_5_1_2b_instruct,qwen3_5_0_8b,layer_12,analogy_composition,0.8181220293045044,0.7031237426185702,0.36683460115735655,0.027253389257147875
lfm2_5_1_2b_instruct,qwen3_5_0_8b,layer_12,factual_recall,0.8240242600440979,0.7160491246263612,0.4347626943060379,0.025504663828870244
lfm2_5_1_2b_instruct,qwen3_5_0_8b,layer_12,logical_reasoning,0.8956772089004517,0.828421024086821,0.5659476063152534,0.021838914284183702
lfm2_5_1_2b_instruct,qwen3_5_0_8b,layer_12,narrative_structure,0.9022660851478577,0.8158803783108389,0.5574624395212631,0.022185268655876528
lfm2_5_1_2b_instruct,qwen3_5_0_8b,layer_12,symbolic_code,0.9073668718338013,0.825177342594012,0.5310070893159129,0.02188191039169209
lfm2_5_1_2b_instruct,qwen3_5_0_8b,layer_16,algebraic_geometry,0.8469229936599731,0.7587920720336058,0.3779792855063753,0.02571803435679907
lfm2_5_1_2b_instruct,qwen3_5_0_8b,layer_16,analogy_composition,0.7744495868682861,0.6233057327286649,0.26129946335054693,0.03117083135177177
lfm2_5_1_2b_instruct,qwen3_5_0_8b,layer_16,factual_recall,0.7808294296264648,0.5758086044523507,0.3029172946936105,0.030698443151634395
lfm2_5_1_2b_instruct,qwen3_5_0_8b,layer_16,logical_reasoning,0.8570641279220581,0.7571560144130419,0.4137600716277187,0.025924191451605256
lfm2_5_1_2b_instruct,qwen3_5_0_8b,layer_16,narrative_structure,0.8789915442466736,0.7397563748960138,0.44445042487612146,0.02470221733601678
lfm2_5_1_2b_instruct,qwen3_5_0_8b,layer_16,symbolic_code,0.8471811413764954,0.7535946124791444,0.35933587009825396,0.026242452841423146
lfm2_5_1_2b_instruct,qwen3_5_0_8b,layer_4,algebraic_geometry,0.9226470589637756,0.8662316310135827,0.6040097402597402,0.019319546374938927
lfm2_5_1_2b_instruct,qwen3_5_0_8b,layer_4,analogy_composition,0.925804078578949,0.8626004657064456,0.5740793765058472,0.019598531116629514
lfm2_5_1_2b_instruct,qwen3_5_0_8b,layer_4,factual_recall,0.9357110857963562,0.8736868775242045,0.6210939060939061,0.018431480666678005
lfm2_5_1_2b_instruct,qwen3_5_0_8b,layer_4,logical_reasoning,0.9296472668647766,0.8732519532677291,0.5966500166500167,0.019342543802828897
lfm2_5_1_2b_instruct,qwen3_5_0_8b,layer_4,narrative_structure,0.918536901473999,0.8823552022259815,0.5030232349349997,0.02023689360620279
lfm2_5_1_2b_instruct,qwen3_5_0_8b,layer_4,symbolic_code,0.9299542307853699,0.8548156536769388,0.5785587451763923,0.019187584592251318
lfm2_5_1_2b_instruct,qwen3_5_0_8b,layer_8,algebraic_geometry,0.8750131130218506,0.8062714781702257,0.5116709515974222,0.021991062299965603
lfm2_5_1_2b_instruct,qwen3_5_0_8b,layer_8,analogy_composition,0.8264173865318298,0.7286982963844622,0.4045120076002429,0.02530890225424927
lfm2_5_1_2b_instruct,qwen3_5_0_8b,layer_8,factual_recall,0.7968301177024841,0.7172973793269036,0.4541154515419221,0.023025558804007924
lfm2_5_1_2b_instruct,qwen3_5_0_8b,layer_8,logical_reasoning,0.8292266130447388,0.7583991812490577,0.5251414516855694,0.022192884591402447
lfm2_5_1_2b_instruct,qwen3_5_0_8b,layer_8,narrative_structure,0.885604202747345,0.801941877363211,0.5379566511919452,0.02207211279699448
lfm2_5_1_2b_instruct,qwen3_5_0_8b,layer_8,symbolic_code,0.8520409464836121,0.7640653515496602,0.4782609667594188,0.022713986119048714
qwen2_5_0_5b_instruct,qwen3_0_6b,layer_0,algebraic_geometry,0.9857707023620605,0.9726333775414031,0.8445920745920747,0.007137118350876444
qwen2_5_0_5b_instruct,qwen3_0_6b,layer_0,analogy_composition,0.9859884977340698,0.970141438819792,0.8441724941724942,0.007554926382192213
qwen2_5_0_5b_instruct,qwen3_0_6b,layer_0,factual_recall,0.9869127869606018,0.9764147506379468,0.8484265734265735,0.007051621888165276
qwen2_5_0_5b_instruct,qwen3_0_6b,layer_0,logical_reasoning,0.9874906539916992,0.9763145753434046,0.8423193473193473,0.006937564613560701
qwen2_5_0_5b_instruct,qwen3_0_6b,layer_0,narrative_structure,0.9863280653953552,0.9770863697614887,0.8387179487179486,0.00712255661471593
qwen2_5_0_5b_instruct,qwen3_0_6b,layer_0,symbolic_code,0.9869506359100342,0.9731988457043248,0.8408474858474858,0.007114474956513966
qwen2_5_0_5b_instruct,qwen3_0_6b,layer_12,algebraic_geometry,0.9955716133117676,0.8841815420329359,0.5762990196078432,0.014142385554542619
qwen2_5_0_5b_instruct,qwen3_0_6b,layer_12,analogy_composition,0.9910783171653748,0.8733904851101382,0.5674845987345987,0.02096914452286136
qwen2_5_0_5b_instruct,qwen3_0_6b,layer_12,factual_recall,0.9968199729919434,0.9109017416908213,0.587830919080919,0.015699665245486792
qwen2_5_0_5b_instruct,qwen3_0_6b,layer_12,logical_reasoning,0.9960865378379822,0.887481154115934,0.5907866153454389,0.011935059213946737
qwen2_5_0_5b_instruct,qwen3_0_6b,layer_12,narrative_structure,0.9946205615997314,0.8949021193465815,0.5824130036630036,0.01367745734659167
qwen2_5_0_5b_instruct,qwen3_0_6b,layer_12,symbolic_code,0.9962182641029358,0.8786215621863983,0.5936371961371961,0.012816165423847297
qwen2_5_0_5b_instruct,qwen3_0_6b,layer_16,algebraic_geometry,0.9854937791824341,0.8639490578293078,0.5371959413135883,0.020194076622800573
qwen2_5_0_5b_instruct,qwen3_0_6b,layer_16,analogy_composition,0.9781591892242432,0.7941917378204899,0.43536110131698363,0.025719423095457505
qwen2_5_0_5b_instruct,qwen3_0_6b,layer_16,factual_recall,0.9935360550880432,0.8791345204021643,0.5158705020469726,0.019968243271767074
qwen2_5_0_5b_instruct,qwen3_0_6b,layer_16,logical_reasoning,0.9903609752655029,0.8533353396219465,0.5223152256240492,0.017769199840574797
qwen2_5_0_5b_instruct,qwen3_0_6b,layer_16,narrative_structure,0.9898123741149902,0.8453124202332483,0.4992133520074697,0.019349860495730387
qwen2_5_0_5b_instruct,qwen3_0_6b,layer_16,symbolic_code,0.9942144751548767,0.8759383107729719,0.5079860825449061,0.018219294465192337
qwen2_5_0_5b_instruct,qwen3_0_6b,layer_4,algebraic_geometry,0.9988453984260559,0.9046172199227345,0.6013324175824176,0.020247501967972984
qwen2_5_0_5b_instruct,qwen3_0_6b,layer_4,analogy_composition,0.9977876543998718,0.8993818832692413,0.6029483016983017,0.025153523682529006
qwen2_5_0_5b_instruct,qwen3_0_6b,layer_4,factual_recall,0.9991583824157715,0.9224729942555396,0.6346281904370139,0.020436399928313958
qwen2_5_0_5b_instruct,qwen3_0_6b,layer_4,logical_reasoning,0.998894453048706,0.9049535332276866,0.6355114738202974,0.02013785272688704
qwen2_5_0_5b_instruct,qwen3_0_6b,layer_4,narrative_structure,0.9988161325454712,0.9182573120491628,0.5970675158175159,0.020430859725077202
qwen2_5_0_5b_instruct,qwen3_0_6b,layer_4,symbolic_code,0.9990208148956299,0.8885717619656295,0.5858033633033634,0.020256673122208954
qwen2_5_0_5b_instruct,qwen3_0_6b,layer_8,algebraic_geometry,0.9953458905220032,0.9040477216072724,0.5983441558441559,0.02199975930215583
qwen2_5_0_5b_instruct,qwen3_0_6b,layer_8,analogy_composition,0.9934239983558655,0.8873683294225008,0.6045067432567433,0.02673321706751127
qwen2_5_0_5b_instruct,qwen3_0_6b,layer_8,factual_recall,0.9972910284996033,0.9097623971548701,0.6099449570037806,0.021310158888847856
qwen2_5_0_5b_instruct,qwen3_0_6b,layer_8,logical_reasoning,0.9972507953643799,0.8955550807380944,0.6292486679986681,0.01840344458304856
qwen2_5_0_5b_instruct,qwen3_0_6b,layer_8,narrative_structure,0.9959483742713928,0.9015800089619384,0.6018344155844155,0.02080041382953285
qwen2_5_0_5b_instruct,qwen3_0_6b,layer_8,symbolic_code,0.9973850846290588,0.8961408196119612,0.6048314185814186,0.019511550558015154
qwen2_5_0_5b_instruct,qwen3_5_0_8b,layer_0,algebraic_geometry,0.981135904788971,0.9586355060112621,0.7714269064269064,0.008695868966833647
qwen2_5_0_5b_instruct,qwen3_5_0_8b,layer_0,analogy_composition,0.9834949970245361,0.9593932235668793,0.7969230769230771,0.008749810084064709
qwen2_5_0_5b_instruct,qwen3_5_0_8b,layer_0,factual_recall,0.9839791059494019,0.964033535514276,0.7941125541125541,0.008380228057321923
qwen2_5_0_5b_instruct,qwen3_5_0_8b,layer_0,logical_reasoning,0.9844179749488831,0.9622286974439824,0.8186596736596737,0.00789876300652212
qwen2_5_0_5b_instruct,qwen3_5_0_8b,layer_0,narrative_structure,0.9836361408233643,0.9586018080773017,0.7916749916749916,0.008155002674578195
qwen2_5_0_5b_instruct,qwen3_5_0_8b,layer_0,symbolic_code,0.982803463935852,0.9587938386343471,0.7897136197136198,0.008608091832782433
qwen2_5_0_5b_instruct,qwen3_5_0_8b,layer_12,algebraic_geometry,0.40144452452659607,0.8355512016773686,0.5671428571428572,0.05058911936340202
qwen2_5_0_5b_instruct,qwen3_5_0_8b,layer_12,analogy_composition,0.4534672796726227,0.7923814999672476,0.5258923429511665,0.046542313839301214
qwen2_5_0_5b_instruct,qwen3_5_0_8b,layer_12,factual_recall,0.4558936059474945,0.7642116735044903,0.5242080958257429,0.05159234501319168
qwen2_5_0_5b_instruct,qwen3_5_0_8b,layer_12,logical_reasoning,0.3702280819416046,0.7876342579712431,0.5394313039901275,0.05341836565429587
qwen2_5_0_5b_instruct,qwen3_5_0_8b,layer_12,narrative_structure,0.458458811044693,0.8400159230409154,0.5582362490450725,0.04945810025424248
qwen2_5_0_5b_instruct,qwen3_5_0_8b,layer_12,symbolic_code,0.4166487157344818,0.8104244696099175,0.5649771062271063,0.053531711173996216
qwen2_5_0_5b_instruct,qwen3_5_0_8b,layer_16,algebraic_geometry,0.47792965173721313,0.8287489289623927,0.5056930406195113,0.04124561401981588
qwen2_5_0_5b_instruct,qwen3_5_0_8b,layer_16,analogy_composition,0.5476387143135071,0.784320245839177,0.47913186486715903,0.03800719347952372
qwen2_5_0_5b_instruct,qwen3_5_0_8b,layer_16,factual_recall,0.5092259049415588,0.7956848653329687,0.49341823209470265,0.04379143118384367
qwen2_5_0_5b_instruct,qwen3_5_0_8b,layer_16,logical_reasoning,0.4469863176345825,0.7973929597001599,0.5340343806520277,0.04364167078702991
qwen2_5_0_5b_instruct,qwen3_5_0_8b,layer_16,narrative_structure,0.5183305144309998,0.8438246420207538,0.5332763886440357,0.04086896027872858
qwen2_5_0_5b_instruct,qwen3_5_0_8b,layer_16,symbolic_code,0.4692821800708771,0.8122836557551584,0.49206335331335327,0.04457752469947491
qwen2_5_0_5b_instruct,qwen3_5_0_8b,layer_4,algebraic_geometry,0.31527480483055115,0.8201715649469556,0.5505408317173023,0.060785065791545245
qwen2_5_0_5b_instruct,qwen3_5_0_8b,layer_4,analogy_composition,0.3859507739543915,0.831617904632528,0.5686488511488511,0.05560297589721559
qwen2_5_0_5b_instruct,qwen3_5_0_8b,layer_4,factual_recall,0.4221363961696625,0.844172179552725,0.5601699525964231,0.060062205192734905
qwen2_5_0_5b_instruct,qwen3_5_0_8b,layer_4,logical_reasoning,0.33389198780059814,0.8353844344385686,0.5900581771170006,0.06032494021698211
qwen2_5_0_5b_instruct,qwen3_5_0_8b,layer_4,narrative_structure,0.4034329056739807,0.8560034212707013,0.6021919746919747,0.0579306831201995
qwen2_5_0_5b_instruct,qwen3_5_0_8b,layer_4,symbolic_code,0.37071022391319275,0.8310636902299136,0.5428458061546297,0.06018944652838929
qwen2_5_0_5b_instruct,qwen3_5_0_8b,layer_8,algebraic_geometry,0.38321027159690857,0.8537215924912634,0.57946876652759,0.051816389230505897
qwen2_5_0_5b_instruct,qwen3_5_0_8b,layer_8,analogy_composition,0.460153728723526,0.846852466762027,0.5269408777497013,0.047774582322638474
qwen2_5_0_5b_instruct,qwen3_5_0_8b,layer_8,factual_recall,0.45499128103256226,0.8109154386397807,0.5449454711954712,0.05337912693833222
qwen2_5_0_5b_instruct,qwen3_5_0_8b,layer_8,logical_reasoning,0.37085390090942383,0.8276994868632725,0.5759693492781728,0.05473642404777706
qwen2_5_0_5b_instruct,qwen3_5_0_8b,layer_8,narrative_structure,0.4297325313091278,0.8463661409558697,0.5650220612720612,0.0509126512166262
qwen2_5_0_5b_instruct,qwen3_5_0_8b,layer_8,symbolic_code,0.411366730928421,0.8314492500986079,0.5757650682650683,0.054093583455549495
qwen3_0_6b,qwen3_5_0_8b,layer_0,algebraic_geometry,0.9789509177207947,0.9550622241245542,0.7676756576756577,0.008802133289148558
qwen3_0_6b,qwen3_5_0_8b,layer_0,analogy_composition,0.9808784127235413,0.9575077207357465,0.7883899433899435,0.008823324724579834
qwen3_0_6b,qwen3_5_0_8b,layer_0,factual_recall,0.9814038276672363,0.9627526028768595,0.7926673326673327,0.00847638872637756
qwen3_0_6b,qwen3_5_0_8b,layer_0,logical_reasoning,0.9833933115005493,0.9677962876556904,0.8044638694638695,0.007924087994121101
qwen3_0_6b,qwen3_5_0_8b,layer_0,narrative_structure,0.9815126061439514,0.9602123470898881,0.7755544455544455,0.008313098664356196
qwen3_0_6b,qwen3_5_0_8b,layer_0,symbolic_code,0.9800052046775818,0.9588680924865576,0.7849134199134198,0.008730157008604078
qwen3_0_6b,qwen3_5_0_8b,layer_12,algebraic_geometry,0.36662524938583374,0.8415690233500299,0.5482557148733619,0.05808188493923234
qwen3_0_6b,qwen3_5_0_8b,layer_12,analogy_composition,0.3807184100151062,0.8010649696102025,0.5613547971636207,0.06099143783527884
qwen3_0_6b,qwen3_5_0_8b,layer_12,factual_recall,0.4195922017097473,0.7501636277577702,0.5025148462648462,0.062276314014927406
qwen3_0_6b,qwen3_5_0_8b,layer_12,logical_reasoning,0.34775668382644653,0.8144710644350732,0.5845699969964676,0.057814045931630455
qwen3_0_6b,qwen3_5_0_8b,layer_12,narrative_structure,0.43448972702026367,0.847676067913715,0.5769625227713463,0.055745099285079175
qwen3_0_6b,qwen3_5_0_8b,layer_12,symbolic_code,0.40120986104011536,0.8137944595702065,0.5721953046953047,0.0598900100284588
qwen3_0_6b,qwen3_5_0_8b,layer_16,algebraic_geometry,0.36424553394317627,0.8332995125526194,0.5429938933615404,0.05231715279640323
qwen3_0_6b,qwen3_5_0_8b,layer_16,analogy_composition,0.41797012090682983,0.82903727521142,0.5621107079195314,0.05373507393274613
qwen3_0_6b,qwen3_5_0_8b,layer_16,factual_recall,0.4435827434062958,0.8139747169054149,0.526692792501616,0.056587109024629816
qwen3_0_6b,qwen3_5_0_8b,layer_16,logical_reasoning,0.3809334635734558,0.8230880707920111,0.5556331985008456,0.0516223915014951
qwen3_0_6b,qwen3_5_0_8b,layer_16,narrative_structure,0.43652963638305664,0.8401558868800584,0.5447842843431079,0.05061737461064372
qwen3_0_6b,qwen3_5_0_8b,layer_16,symbolic_code,0.4120585322380066,0.8391470811753049,0.5622211122211123,0.05459979660895929
qwen3_0_6b,qwen3_5_0_8b,layer_4,algebraic_geometry,0.2792075574398041,0.871867011968272,0.6277175030851501,0.0763566615158044
qwen3_0_6b,qwen3_5_0_8b,layer_4,analogy_composition,0.33580368757247925,0.8823460782474386,0.6198201798201799,0.07564577062197116
qwen3_0_6b,qwen3_5_0_8b,layer_4,factual_recall,0.3929133713245392,0.8542607627191523,0.5787053632641869,0.07636128081040121
qwen3_0_6b,qwen3_5_0_8b,layer_4,logical_reasoning,0.2959561049938202,0.8630056743054446,0.6204469550057786,0.07631727107118613
qwen3_0_6b,qwen3_5_0_8b,layer_4,narrative_structure,0.36768752336502075,0.887816939547813,0.6425258075258076,0.07425518593157243
qwen3_0_6b,qwen3_5_0_8b,layer_4,symbolic_code,0.3389390707015991,0.8366420502777994,0.5567003829503829,0.07624618619648765
qwen3_0_6b,qwen3_5_0_8b,layer_8,algebraic_geometry,0.3140704035758972,0.8121531599425179,0.5549067599067599,0.06888443831393831
qwen3_0_6b,qwen3_5_0_8b,layer_8,analogy_composition,0.37548142671585083,0.8448112022798955,0.5426056296644532,0.06878004899954653
qwen3_0_6b,qwen3_5_0_8b,layer_8,factual_recall,0.4066655933856964,0.8026878545254603,0.533679139487963,0.07028082241069214
qwen3_0_6b,qwen3_5_0_8b,layer_8,logical_reasoning,0.3218991756439209,0.825290037634864,0.5834729975906447,0.068595213995402
qwen3_0_6b,qwen3_5_0_8b,layer_8,narrative_structure,0.3715461194515228,0.841232289706978,0.5578544494720965,0.06675056023257114
qwen3_0_6b,qwen3_5_0_8b,layer_8,symbolic_code,0.3659874498844147,0.7841989029719133,0.5429458041958042,0.06912724630820957
