model_a,model_b,layer,metric,boot_mean,ci_low,ci_high,n_boot,boot_sample_size
codegemma_2b,gemma1_1_2b_it,layer_0,cka,0.9899589136242867,0.9884141594171524,0.9916400820016861,40,180
codegemma_2b,gemma1_1_2b_it,layer_0,rsa_spearman,0.9431640158039711,0.935136377583768,0.9509954934841818,40,180
codegemma_2b,gemma1_1_2b_it,layer_12,cka,0.9845928713679314,0.9819333925843239,0.9874297440052032,40,180
codegemma_2b,gemma1_1_2b_it,layer_12,rsa_spearman,0.9479003082722416,0.9310875605180939,0.9599816236012864,40,180
codegemma_2b,gemma1_1_2b_it,layer_4,cka,0.9837641790509224,0.9807705014944077,0.986260962486267,40,180
codegemma_2b,gemma1_1_2b_it,layer_4,rsa_spearman,0.8929197518008657,0.8645935211451282,0.9128550523137405,40,180
codegemma_2b,gemma1_1_2b_it,layer_8,cka,0.9864691570401192,0.9847827136516571,0.9888282924890518,40,180
codegemma_2b,gemma1_1_2b_it,layer_8,rsa_spearman,0.9306254245440337,0.9172059024061937,0.9424762928265054,40,180
codegemma_2b,gemma2_2b,layer_0,cka,0.796979834139347,0.7571569070219993,0.8303477361798286,40,180
codegemma_2b,gemma2_2b,layer_0,rsa_spearman,0.7847468026942976,0.7613826888013508,0.8076419108679854,40,180
codegemma_2b,gemma2_2b,layer_12,cka,0.9619507431983948,0.9524730533361435,0.9694005161523819,40,180
codegemma_2b,gemma2_2b,layer_12,rsa_spearman,0.8774535510760444,0.8365257713909324,0.8990839356869315,40,180
codegemma_2b,gemma2_2b,layer_4,cka,0.9598764643073082,0.9535562410950661,0.9679966926574707,40,180
codegemma_2b,gemma2_2b,layer_4,rsa_spearman,0.6437777116795129,0.6044637182892094,0.698867763345232,40,180
codegemma_2b,gemma2_2b,layer_8,cka,0.9753406092524528,0.9728804245591164,0.9781097367405891,40,180
codegemma_2b,gemma2_2b,layer_8,rsa_spearman,0.7941542473372214,0.7533857160809012,0.831200811739096,40,180
codegemma_2b,gemma2_2b_it,layer_0,cka,0.7972972229123115,0.7574370041489601,0.8306987538933753,40,180
codegemma_2b,gemma2_2b_it,layer_0,rsa_spearman,0.7846971440402625,0.7618449045946429,0.8073294789352023,40,180
codegemma_2b,gemma2_2b_it,layer_12,cka,0.9744265362620353,0.9708777487277984,0.9787313386797905,40,180
codegemma_2b,gemma2_2b_it,layer_12,rsa_spearman,0.9149191525599644,0.8987910848393783,0.9295735697543613,40,180
codegemma_2b,gemma2_2b_it,layer_4,cka,0.9627797812223434,0.9580327406525612,0.9673923537135124,40,180
codegemma_2b,gemma2_2b_it,layer_4,rsa_spearman,0.678647240155892,0.6469207732303208,0.713772083525725,40,180
codegemma_2b,gemma2_2b_it,layer_8,cka,0.9650772392749787,0.9616777777671814,0.9704722315073013,40,180
codegemma_2b,gemma2_2b_it,layer_8,rsa_spearman,0.7993353280008397,0.7721240639463735,0.8306046776846321,40,180
codegemma_2b,gemma3_1b_it,layer_0,cka,0.7662710890173912,0.7243701130151748,0.8055143609642982,40,180
codegemma_2b,gemma3_1b_it,layer_0,rsa_spearman,0.8127229089199421,0.7871200826989199,0.8450810386160982,40,180
codegemma_2b,gemma3_1b_it,layer_12,cka,0.7087537899613381,0.669225987792015,0.7381888508796691,40,180
codegemma_2b,gemma3_1b_it,layer_12,rsa_spearman,0.8409412669463704,0.8161035078293732,0.8657990219159407,40,180
codegemma_2b,gemma3_1b_it,layer_4,cka,0.905919973552227,0.8951730087399483,0.9181915372610092,40,180
codegemma_2b,gemma3_1b_it,layer_4,rsa_spearman,0.7447742593816787,0.700412739869436,0.7856181910457061,40,180
codegemma_2b,gemma3_1b_it,layer_8,cka,0.6371916130185127,0.6041661068797112,0.6659710317850113,40,180
codegemma_2b,gemma3_1b_it,layer_8,rsa_spearman,0.8074709269845917,0.7806565820677385,0.8472930224043621,40,180
codegemma_2b,gemma3_1b_pt,layer_0,cka,0.7680443540215492,0.725441874563694,0.8066060721874236,40,180
codegemma_2b,gemma3_1b_pt,layer_0,rsa_spearman,0.8132796990068174,0.7881482146197847,0.8397948080029922,40,180
codegemma_2b,gemma3_1b_pt,layer_12,cka,0.6327676221728324,0.5969861149787903,0.6680913269519806,40,180
codegemma_2b,gemma3_1b_pt,layer_12,rsa_spearman,0.8055594878001682,0.7749459103857003,0.8375488218159263,40,180
codegemma_2b,gemma3_1b_pt,layer_4,cka,0.9363783106207848,0.9256246611475945,0.9454538613557816,40,180
codegemma_2b,gemma3_1b_pt,layer_4,rsa_spearman,0.6741142421095055,0.6368393703602653,0.7181832303676976,40,180
codegemma_2b,gemma3_1b_pt,layer_8,cka,0.6065243929624557,0.5834025800228119,0.6408899813890457,40,180
codegemma_2b,gemma3_1b_pt,layer_8,rsa_spearman,0.733907201934032,0.7003473933134494,0.7643820792019376,40,180
codegemma_2b,gemma3_4b_it,layer_0,cka,0.7719689190387726,0.7304070994257927,0.8109815314412117,40,180
codegemma_2b,gemma3_4b_it,layer_0,rsa_spearman,0.8244273983950977,0.8016992350985159,0.8547390329709059,40,180
codegemma_2b,gemma3_4b_it,layer_12,cka,0.4730133146047592,0.39913639053702354,0.521953247487545,40,180
codegemma_2b,gemma3_4b_it,layer_12,rsa_spearman,0.8884023848479286,0.8611123501204754,0.9049774319049512,40,180
codegemma_2b,gemma3_4b_it,layer_4,cka,0.9632059574127197,0.9601729184389114,0.9654997363686562,40,180
codegemma_2b,gemma3_4b_it,layer_4,rsa_spearman,0.7230936867280204,0.6989079331671381,0.7546587875770217,40,180
codegemma_2b,gemma3_4b_it,layer_8,cka,0.5812955878674984,0.5288396023213864,0.61370899528265,40,180
codegemma_2b,gemma3_4b_it,layer_8,rsa_spearman,0.8523476183567439,0.8223719289750577,0.8723493157773463,40,180
codegemma_2b,gemma3_4b_pt,layer_0,cka,0.7725483268499375,0.7307141467928886,0.8121576055884361,40,180
codegemma_2b,gemma3_4b_pt,layer_0,rsa_spearman,0.8217791815503208,0.7992828136583181,0.8514615266622992,40,180
codegemma_2b,gemma3_4b_pt,layer_12,cka,0.48674966096878053,0.4383655034005642,0.5214743643999099,40,180
codegemma_2b,gemma3_4b_pt,layer_12,rsa_spearman,0.8828578002891618,0.866185657639605,0.8996275792887307,40,180
codegemma_2b,gemma3_4b_pt,layer_4,cka,0.9335717901587486,0.9234568566083908,0.9434238940477371,40,180
codegemma_2b,gemma3_4b_pt,layer_4,rsa_spearman,0.7204373770232684,0.6987812306801393,0.7552019506513115,40,180
codegemma_2b,gemma3_4b_pt,layer_8,cka,0.5952286809682846,0.5492688253521919,0.6313959956169128,40,180
codegemma_2b,gemma3_4b_pt,layer_8,rsa_spearman,0.8604367635613898,0.8424263023463837,0.8800190266694553,40,180
codegemma_2b,lfm2_5_1_2b_base,layer_0,cka,0.7915259838104248,0.7535875603556633,0.8280058279633522,40,180
codegemma_2b,lfm2_5_1_2b_base,layer_0,rsa_spearman,0.8052343549274468,0.7852939870647981,0.8330501398191102,40,180
codegemma_2b,lfm2_5_1_2b_base,layer_12,cka,0.9482184112071991,0.9418715104460716,0.9556548148393631,40,180
codegemma_2b,lfm2_5_1_2b_base,layer_12,rsa_spearman,0.8702741697595429,0.8356136437631186,0.8980722809223189,40,180
codegemma_2b,lfm2_5_1_2b_base,layer_4,cka,0.968094588816166,0.9635379567742348,0.972546860575676,40,180
codegemma_2b,lfm2_5_1_2b_base,layer_4,rsa_spearman,0.6506128213405917,0.6015124815609797,0.6950264186135422,40,180
codegemma_2b,lfm2_5_1_2b_base,layer_8,cka,0.9645030811429024,0.9601999059319496,0.9690469026565551,40,180
codegemma_2b,lfm2_5_1_2b_base,layer_8,rsa_spearman,0.886242116786271,0.8599137508915521,0.907246515555986,40,180
codegemma_2b,lfm2_5_1_2b_instruct,layer_0,cka,0.7919289842247963,0.7546428173780442,0.8286617994308472,40,180
codegemma_2b,lfm2_5_1_2b_instruct,layer_0,rsa_spearman,0.805618425936699,0.7865433284635677,0.8331048042505355,40,180
codegemma_2b,lfm2_5_1_2b_instruct,layer_12,cka,0.9073842316865921,0.89517190605402,0.9204407185316086,40,180
codegemma_2b,lfm2_5_1_2b_instruct,layer_12,rsa_spearman,0.8603529319654228,0.8220900903444697,0.9005064137325478,40,180
codegemma_2b,lfm2_5_1_2b_instruct,layer_4,cka,0.9758415162563324,0.9720892995595932,0.979070921242237,40,180
codegemma_2b,lfm2_5_1_2b_instruct,layer_4,rsa_spearman,0.7781481993273622,0.7313126501580781,0.8118002926655224,40,180
codegemma_2b,lfm2_5_1_2b_instruct,layer_8,cka,0.9355706796050072,0.9290605828166008,0.9423121869564056,40,180
codegemma_2b,lfm2_5_1_2b_instruct,layer_8,rsa_spearman,0.8542115973949247,0.8303162005151591,0.8814387252694432,40,180
codegemma_2b,lfm2_5_1_2b_thinking,layer_0,cka,0.7936230540275574,0.7563950777053833,0.8297411292791367,40,180
codegemma_2b,lfm2_5_1_2b_thinking,layer_0,rsa_spearman,0.7919501634760608,0.7744715299031688,0.8183813602744374,40,180
codegemma_2b,lfm2_5_1_2b_thinking,layer_12,cka,0.8828430384397506,0.8709638506174088,0.896548469364643,40,180
codegemma_2b,lfm2_5_1_2b_thinking,layer_12,rsa_spearman,0.6772698104873354,0.6183110923081432,0.7282553209957967,40,180
codegemma_2b,lfm2_5_1_2b_thinking,layer_4,cka,0.972645977139473,0.9681444898247719,0.9778884395956993,40,180
codegemma_2b,lfm2_5_1_2b_thinking,layer_4,rsa_spearman,0.6927891371308403,0.6516030940524016,0.7344344670991012,40,180
codegemma_2b,lfm2_5_1_2b_thinking,layer_8,cka,0.9218525663018227,0.9142634227871895,0.9293800905346871,40,180
codegemma_2b,lfm2_5_1_2b_thinking,layer_8,rsa_spearman,0.8684677943135976,0.8445974003173846,0.8908553344165482,40,180
gemma1_1_2b_it,gemma2_2b,layer_0,cka,0.8480134204030036,0.8146954298019409,0.8757687970995903,40,180
gemma1_1_2b_it,gemma2_2b,layer_0,rsa_spearman,0.8185938106290955,0.7998347919826605,0.8371770965624963,40,180
gemma1_1_2b_it,gemma2_2b,layer_12,cka,0.9687835037708282,0.9627376392483711,0.9740670517086982,40,180
gemma1_1_2b_it,gemma2_2b,layer_12,rsa_spearman,0.8900176983527406,0.8550676739881072,0.9157065914643785,40,180
gemma1_1_2b_it,gemma2_2b,layer_4,cka,0.9406354650855064,0.9310418888926506,0.9549159750342369,40,180
gemma1_1_2b_it,gemma2_2b,layer_4,rsa_spearman,0.5251718718924313,0.4802139426196728,0.5999850911284149,40,180
gemma1_1_2b_it,gemma2_2b,layer_8,cka,0.9713734075427055,0.9665595263242721,0.9762496560811996,40,180
gemma1_1_2b_it,gemma2_2b,layer_8,rsa_spearman,0.7987388800282176,0.7645771009280028,0.8381550058418267,40,180
gemma1_1_2b_it,gemma2_2b_it,layer_0,cka,0.8483035430312157,0.815099410712719,0.8759570851922035,40,180
gemma1_1_2b_it,gemma2_2b_it,layer_0,rsa_spearman,0.8186342234695683,0.7999794203869333,0.8369726622550457,40,180
gemma1_1_2b_it,gemma2_2b_it,layer_12,cka,0.976310758292675,0.9727037638425827,0.9801628515124321,40,180
gemma1_1_2b_it,gemma2_2b_it,layer_12,rsa_spearman,0.9287149609024773,0.9082848361083289,0.9433590626735616,40,180
gemma1_1_2b_it,gemma2_2b_it,layer_4,cka,0.946294729411602,0.9390515774488449,0.9538309693336486,40,180
gemma1_1_2b_it,gemma2_2b_it,layer_4,rsa_spearman,0.609130792783352,0.5703756898229648,0.6553596553702316,40,180
gemma1_1_2b_it,gemma2_2b_it,layer_8,cka,0.9691538587212563,0.9653430506587029,0.9738255798816681,40,180
gemma1_1_2b_it,gemma2_2b_it,layer_8,rsa_spearman,0.8379265089517247,0.8094286264527987,0.8705023205133012,40,180
gemma1_1_2b_it,gemma3_1b_it,layer_0,cka,0.8216364413499833,0.7884235128760337,0.8556944534182548,40,180
gemma1_1_2b_it,gemma3_1b_it,layer_0,rsa_spearman,0.8586650087227217,0.8333239559021639,0.8832372997533007,40,180
gemma1_1_2b_it,gemma3_1b_it,layer_12,cka,0.700703564286232,0.6673114269971847,0.7363570839166641,40,180
gemma1_1_2b_it,gemma3_1b_it,layer_12,rsa_spearman,0.8740575229922113,0.8557269372043145,0.8882428551271151,40,180
gemma1_1_2b_it,gemma3_1b_it,layer_4,cka,0.9091245666146278,0.8992719888687134,0.9173922687768936,40,180
gemma1_1_2b_it,gemma3_1b_it,layer_4,rsa_spearman,0.7139390202844416,0.669767123206415,0.754828771222028,40,180
gemma1_1_2b_it,gemma3_1b_it,layer_8,cka,0.6533198058605194,0.6199990630149841,0.6847575038671493,40,180
gemma1_1_2b_it,gemma3_1b_it,layer_8,rsa_spearman,0.8462955503501993,0.8220038357230772,0.8704955459042062,40,180
gemma1_1_2b_it,gemma3_1b_pt,layer_0,cka,0.8239384517073631,0.7905710309743881,0.8572821497917175,40,180
gemma1_1_2b_it,gemma3_1b_pt,layer_0,rsa_spearman,0.8636117886559947,0.843179574671589,0.8850398439939252,40,180
gemma1_1_2b_it,gemma3_1b_pt,layer_12,cka,0.6492372721433639,0.6139637887477875,0.6864628657698632,40,180
gemma1_1_2b_it,gemma3_1b_pt,layer_12,rsa_spearman,0.8355618243380298,0.8100715138790427,0.8614207249391511,40,180
gemma1_1_2b_it,gemma3_1b_pt,layer_4,cka,0.9138918429613113,0.9051021382212638,0.9232452929019928,40,180
gemma1_1_2b_it,gemma3_1b_pt,layer_4,rsa_spearman,0.6672610539387327,0.6280310089183381,0.7052434727656206,40,180
gemma1_1_2b_it,gemma3_1b_pt,layer_8,cka,0.6224432781338691,0.5914359286427497,0.6570339784026146,40,180
gemma1_1_2b_it,gemma3_1b_pt,layer_8,rsa_spearman,0.7655650117263206,0.7297183645616863,0.7928239645476728,40,180
gemma1_1_2b_it,gemma3_4b_it,layer_0,cka,0.8274376571178437,0.7933832347393036,0.8598859220743179,40,180
gemma1_1_2b_it,gemma3_4b_it,layer_0,rsa_spearman,0.8776991133799953,0.8550202796817047,0.9000548226522973,40,180
gemma1_1_2b_it,gemma3_4b_it,layer_12,cka,0.4756333097815514,0.4007862940430641,0.5275289475917816,40,180
gemma1_1_2b_it,gemma3_4b_it,layer_12,rsa_spearman,0.9190983240574091,0.9006008798238618,0.9322653458334156,40,180
gemma1_1_2b_it,gemma3_4b_it,layer_4,cka,0.9598316222429275,0.9554700508713723,0.9634163707494736,40,180
gemma1_1_2b_it,gemma3_4b_it,layer_4,rsa_spearman,0.7702894201107336,0.7425837699963113,0.8027730290854905,40,180
gemma1_1_2b_it,gemma3_4b_it,layer_8,cka,0.5952098101377488,0.5343235969543457,0.6295863524079323,40,180
gemma1_1_2b_it,gemma3_4b_it,layer_8,rsa_spearman,0.8706149544542943,0.8470255948974208,0.8965520649121013,40,180
gemma1_1_2b_it,gemma3_4b_pt,layer_0,cka,0.8282720118761062,0.7946129694581032,0.860728870332241,40,180
gemma1_1_2b_it,gemma3_4b_pt,layer_0,rsa_spearman,0.8786386690126615,0.8569542617945698,0.9000304409230325,40,180
gemma1_1_2b_it,gemma3_4b_pt,layer_12,cka,0.5059337764978409,0.4676195688545704,0.5363859459757805,40,180
gemma1_1_2b_it,gemma3_4b_pt,layer_12,rsa_spearman,0.9028306547940638,0.8826912523695526,0.9176587958061878,40,180
gemma1_1_2b_it,gemma3_4b_pt,layer_4,cka,0.9333448514342308,0.9217942923307418,0.9434636414051056,40,180
gemma1_1_2b_it,gemma3_4b_pt,layer_4,rsa_spearman,0.749090090598631,0.7128555614594273,0.7765417402562456,40,180
gemma1_1_2b_it,gemma3_4b_pt,layer_8,cka,0.6175596982240676,0.5744029611349106,0.6549187704920769,40,180
gemma1_1_2b_it,gemma3_4b_pt,layer_8,rsa_spearman,0.8604723339283347,0.8329617124081653,0.8834405287974839,40,180
gemma1_1_2b_it,lfm2_5_1_2b_base,layer_0,cka,0.8409269154071808,0.8080869287252426,0.8711919188499451,40,180
gemma1_1_2b_it,lfm2_5_1_2b_base,layer_0,rsa_spearman,0.8301844765389512,0.8071235783801465,0.8510520588209409,40,180
gemma1_1_2b_it,lfm2_5_1_2b_base,layer_12,cka,0.9637975201010704,0.9595864906907081,0.967006205022335,40,180
gemma1_1_2b_it,lfm2_5_1_2b_base,layer_12,rsa_spearman,0.8984085512529365,0.8752429428142076,0.9202096446464862,40,180
gemma1_1_2b_it,lfm2_5_1_2b_base,layer_4,cka,0.9533355310559273,0.9471595704555511,0.9595442205667496,40,180
gemma1_1_2b_it,lfm2_5_1_2b_base,layer_4,rsa_spearman,0.647854398684071,0.596318779186069,0.6865052052945642,40,180
gemma1_1_2b_it,lfm2_5_1_2b_base,layer_8,cka,0.9529105708003044,0.947552727162838,0.9577257484197617,40,180
gemma1_1_2b_it,lfm2_5_1_2b_base,layer_8,rsa_spearman,0.8773787306867042,0.8501069723365556,0.9002418723409278,40,180
gemma1_1_2b_it,lfm2_5_1_2b_instruct,layer_0,cka,0.8415324568748475,0.8091931700706482,0.8714790359139443,40,180
gemma1_1_2b_it,lfm2_5_1_2b_instruct,layer_0,rsa_spearman,0.8305306386234633,0.8068602216896591,0.8518434991164702,40,180
gemma1_1_2b_it,lfm2_5_1_2b_instruct,layer_12,cka,0.9069448918104172,0.893452163040638,0.9209139630198478,40,180
gemma1_1_2b_it,lfm2_5_1_2b_instruct,layer_12,rsa_spearman,0.8568071616260596,0.8053708501970953,0.896271390810103,40,180
gemma1_1_2b_it,lfm2_5_1_2b_instruct,layer_4,cka,0.9589590698480606,0.9527189433574677,0.9652917459607124,40,180
gemma1_1_2b_it,lfm2_5_1_2b_instruct,layer_4,rsa_spearman,0.7040226283097226,0.6622857928111424,0.7476035920112934,40,180
gemma1_1_2b_it,lfm2_5_1_2b_instruct,layer_8,cka,0.9265055686235428,0.9129639342427254,0.9349197596311569,40,180
gemma1_1_2b_it,lfm2_5_1_2b_instruct,layer_8,rsa_spearman,0.8526343406204855,0.8127203529238025,0.8744157666294214,40,180
gemma1_1_2b_it,lfm2_5_1_2b_thinking,layer_0,cka,0.8431349650025368,0.8108794242143631,0.8730993464589119,40,180
gemma1_1_2b_it,lfm2_5_1_2b_thinking,layer_0,rsa_spearman,0.820976216726959,0.7983923162383356,0.8424794189544057,40,180
gemma1_1_2b_it,lfm2_5_1_2b_thinking,layer_12,cka,0.8972651243209839,0.8874144062399865,0.909730251133442,40,180
gemma1_1_2b_it,lfm2_5_1_2b_thinking,layer_12,rsa_spearman,0.6887048489622285,0.627534380643689,0.7395349434975859,40,180
gemma1_1_2b_it,lfm2_5_1_2b_thinking,layer_4,cka,0.9515518888831138,0.9459948316216469,0.9577231749892234,40,180
gemma1_1_2b_it,lfm2_5_1_2b_thinking,layer_4,rsa_spearman,0.6359887515752525,0.6002498080229327,0.6727101578334308,40,180
gemma1_1_2b_it,lfm2_5_1_2b_thinking,layer_8,cka,0.8953398942947388,0.8850002095103264,0.9056620493531227,40,180
gemma1_1_2b_it,lfm2_5_1_2b_thinking,layer_8,rsa_spearman,0.7898736226226689,0.753878234453298,0.8200187729084176,40,180
gemma2_2b,gemma2_2b_it,layer_0,cka,0.9999951243400573,0.9999936714768409,0.9999963223934174,40,180
gemma2_2b,gemma2_2b_it,layer_0,rsa_spearman,0.9999571466350063,0.9999460253978185,0.9999661422986349,40,180
gemma2_2b,gemma2_2b_it,layer_12,cka,0.9525633171200752,0.9420221954584121,0.9610368967056274,40,180
gemma2_2b,gemma2_2b_it,layer_12,rsa_spearman,0.9202977939813202,0.8995484735573607,0.9463430125061554,40,180
gemma2_2b,gemma2_2b_it,layer_4,cka,0.9823820859193801,0.9798037156462669,0.9860653549432754,40,180
gemma2_2b,gemma2_2b_it,layer_4,rsa_spearman,0.8979215920534085,0.884614583117759,0.9152258819802265,40,180
gemma2_2b,gemma2_2b_it,layer_8,cka,0.9799818396568298,0.9770380064845086,0.9829928681254387,40,180
gemma2_2b,gemma2_2b_it,layer_8,rsa_spearman,0.9359858652046367,0.9218183004572581,0.9495264445162976,40,180
gemma2_2b,gemma3_1b_it,layer_0,cka,0.988956905901432,0.987030416727066,0.9905069470405579,40,180
gemma2_2b,gemma3_1b_it,layer_0,rsa_spearman,0.8538340428295884,0.8316243357333998,0.8755489585111652,40,180
gemma2_2b,gemma3_1b_it,layer_12,cka,0.6817090660333633,0.6406679600477219,0.7213761523365975,40,180
gemma2_2b,gemma3_1b_it,layer_12,rsa_spearman,0.7749863686970756,0.7266716765136001,0.8107324440692745,40,180
gemma2_2b,gemma3_1b_it,layer_4,cka,0.84363244920969,0.8271595269441605,0.8600538462400437,40,180
gemma2_2b,gemma3_1b_it,layer_4,rsa_spearman,0.6687524711703527,0.6333610144262843,0.7141621550631047,40,180
gemma2_2b,gemma3_1b_it,layer_8,cka,0.6228964492678642,0.5857820481061935,0.6616242572665214,40,180
gemma2_2b,gemma3_1b_it,layer_8,rsa_spearman,0.7558113326301501,0.7133262888809704,0.7873412319566095,40,180
gemma2_2b,gemma3_1b_pt,layer_0,cka,0.9901725798845291,0.988238950073719,0.9916394397616386,40,180
gemma2_2b,gemma3_1b_pt,layer_0,rsa_spearman,0.8704038450958048,0.8550209756752806,0.8878603569365348,40,180
gemma2_2b,gemma3_1b_pt,layer_12,cka,0.6788074105978013,0.6380559399724006,0.7236818313598632,40,180
gemma2_2b,gemma3_1b_pt,layer_12,rsa_spearman,0.7531519729874911,0.7100680713727736,0.7968992403932729,40,180
gemma2_2b,gemma3_1b_pt,layer_4,cka,0.9104236617684365,0.9009154960513115,0.924970418214798,40,180
gemma2_2b,gemma3_1b_pt,layer_4,rsa_spearman,0.540361668302906,0.5059683294896475,0.5938712983716585,40,180
gemma2_2b,gemma3_1b_pt,layer_8,cka,0.5895886495709419,0.5613108932971954,0.6179022908210754,40,180
gemma2_2b,gemma3_1b_pt,layer_8,rsa_spearman,0.7682542832578763,0.7309777567494062,0.8088011206849863,40,180
gemma2_2b,gemma3_4b_it,layer_0,cka,0.991632328927517,0.9900586903095245,0.9930050194263458,40,180
gemma2_2b,gemma3_4b_it,layer_0,rsa_spearman,0.9088598491738977,0.8952113161364182,0.9199384106116553,40,180
gemma2_2b,gemma3_4b_it,layer_12,cka,0.4680088222026825,0.3924938432872295,0.5142373457551003,40,180
gemma2_2b,gemma3_4b_it,layer_12,rsa_spearman,0.8631330001255797,0.8311165435105369,0.891686077835777,40,180
gemma2_2b,gemma3_4b_it,layer_4,cka,0.9313522711396217,0.9219537600874901,0.9441765576601029,40,180
gemma2_2b,gemma3_4b_it,layer_4,rsa_spearman,0.5436976663947393,0.4933518448689467,0.6094595422681961,40,180
gemma2_2b,gemma3_4b_it,layer_8,cka,0.576969961822033,0.5187964379787445,0.6209238663315773,40,180
gemma2_2b,gemma3_4b_it,layer_8,rsa_spearman,0.8127704016187325,0.7808545788335618,0.840147099651117,40,180
gemma2_2b,gemma3_4b_pt,layer_0,cka,0.9918735399842262,0.9903027787804604,0.9933020576834679,40,180
gemma2_2b,gemma3_4b_pt,layer_0,rsa_spearman,0.912052377663057,0.8995194494596276,0.9249545807191569,40,180
gemma2_2b,gemma3_4b_pt,layer_12,cka,0.5379853405058383,0.4842741690576077,0.5829930409789085,40,180
gemma2_2b,gemma3_4b_pt,layer_12,rsa_spearman,0.8639381824754768,0.8313804647067314,0.8921050514256756,40,180
gemma2_2b,gemma3_4b_pt,layer_4,cka,0.891176438331604,0.8788830772042274,0.9094402894377709,40,180
gemma2_2b,gemma3_4b_pt,layer_4,rsa_spearman,0.5436917339538003,0.4984517409423046,0.6060994931403797,40,180
gemma2_2b,gemma3_4b_pt,layer_8,cka,0.58678540289402,0.5425964310765267,0.620910358428955,40,180
gemma2_2b,gemma3_4b_pt,layer_8,rsa_spearman,0.7912601123101684,0.7464850507323713,0.8175677341990101,40,180
gemma2_2b,lfm2_5_1_2b_base,layer_0,cka,0.9864439323544503,0.983760641515255,0.9880340605974197,40,180
gemma2_2b,lfm2_5_1_2b_base,layer_0,rsa_spearman,0.8951823163376602,0.8808160608906771,0.9087620067964486,40,180
gemma2_2b,lfm2_5_1_2b_base,layer_12,cka,0.9523230463266372,0.9459682464599609,0.9571433365345001,40,180
gemma2_2b,lfm2_5_1_2b_base,layer_12,rsa_spearman,0.871218914376958,0.8304828482029386,0.8979566087871866,40,180
gemma2_2b,lfm2_5_1_2b_base,layer_4,cka,0.9605426400899887,0.9561290934681892,0.9654857605695725,40,180
gemma2_2b,lfm2_5_1_2b_base,layer_4,rsa_spearman,0.6296427625608544,0.5927333238771297,0.6692248173585567,40,180
gemma2_2b,lfm2_5_1_2b_base,layer_8,cka,0.9463227331638336,0.9397744789719582,0.954234279692173,40,180
gemma2_2b,lfm2_5_1_2b_base,layer_8,rsa_spearman,0.7260177414610206,0.6889095747433608,0.772106382635925,40,180
gemma2_2b,lfm2_5_1_2b_instruct,layer_0,cka,0.9866632252931595,0.9841073364019394,0.9882380977272988,40,180
gemma2_2b,lfm2_5_1_2b_instruct,layer_0,rsa_spearman,0.8946229964267184,0.8805647339937973,0.9076940435742535,40,180
gemma2_2b,lfm2_5_1_2b_instruct,layer_12,cka,0.8888031870126725,0.8752156868577003,0.9078544646501541,40,180
gemma2_2b,lfm2_5_1_2b_instruct,layer_12,rsa_spearman,0.8167831878883314,0.76551449191743,0.8605152330004978,40,180
gemma2_2b,lfm2_5_1_2b_instruct,layer_4,cka,0.9627773061394691,0.957767927646637,0.9685958117246628,40,180
gemma2_2b,lfm2_5_1_2b_instruct,layer_4,rsa_spearman,0.6458730412172191,0.6032483720027867,0.6782454851339105,40,180
gemma2_2b,lfm2_5_1_2b_instruct,layer_8,cka,0.9353816404938697,0.9282842054963112,0.9413237378001214,40,180
gemma2_2b,lfm2_5_1_2b_instruct,layer_8,rsa_spearman,0.7693020629802446,0.7298270039551153,0.8031991092664912,40,180
gemma2_2b,lfm2_5_1_2b_thinking,layer_0,cka,0.9856612056493759,0.9830656230449677,0.9877184897661209,40,180
gemma2_2b,lfm2_5_1_2b_thinking,layer_0,rsa_spearman,0.9056177732044894,0.8930307701080394,0.9203256690277465,40,180
gemma2_2b,lfm2_5_1_2b_thinking,layer_12,cka,0.8639436513185501,0.8447517171502114,0.8868587672710418,40,180
gemma2_2b,lfm2_5_1_2b_thinking,layer_12,rsa_spearman,0.6040245152445238,0.5281331193303588,0.6555264951709505,40,180
gemma2_2b,lfm2_5_1_2b_thinking,layer_4,cka,0.9390543013811111,0.9325583592057228,0.9481579720973968,40,180
gemma2_2b,lfm2_5_1_2b_thinking,layer_4,rsa_spearman,0.5086224161701125,0.4689184831235154,0.5459008273405067,40,180
gemma2_2b,lfm2_5_1_2b_thinking,layer_8,cka,0.8829064264893531,0.8719872698187828,0.8943537428975106,40,180
gemma2_2b,lfm2_5_1_2b_thinking,layer_8,rsa_spearman,0.6562343186543268,0.6175444425638321,0.7023886566778582,40,180
gemma2_2b_it,gemma3_1b_it,layer_0,cka,0.9889305472373963,0.9869877398014069,0.9905062690377235,40,180
gemma2_2b_it,gemma3_1b_it,layer_0,rsa_spearman,0.8527178920397642,0.830677137705386,0.8744804322705683,40,180
gemma2_2b_it,gemma3_1b_it,layer_12,cka,0.7487236842513084,0.7180815562605858,0.7771640673279763,40,180
gemma2_2b_it,gemma3_1b_it,layer_12,rsa_spearman,0.8547899992826296,0.8365846586835813,0.8705773666221641,40,180
gemma2_2b_it,gemma3_1b_it,layer_4,cka,0.8502907142043113,0.8309081315994262,0.86703492552042,40,180
gemma2_2b_it,gemma3_1b_it,layer_4,rsa_spearman,0.7264491075994014,0.6999300942307785,0.7590489866168227,40,180
gemma2_2b_it,gemma3_1b_it,layer_8,cka,0.6428122818470001,0.6056650534272194,0.6743719220161437,40,180
gemma2_2b_it,gemma3_1b_it,layer_8,rsa_spearman,0.8155587973127304,0.7846534063205023,0.8423513282389146,40,180
gemma2_2b_it,gemma3_1b_pt,layer_0,cka,0.9900951579213142,0.9881370231509209,0.9915743425488472,40,180
gemma2_2b_it,gemma3_1b_pt,layer_0,rsa_spearman,0.8691260949717797,0.8533509718478278,0.8866746952130796,40,180
gemma2_2b_it,gemma3_1b_pt,layer_12,cka,0.6293893441557884,0.5899074733257293,0.6667333498597144,40,180
gemma2_2b_it,gemma3_1b_pt,layer_12,rsa_spearman,0.7736401804984696,0.7423474130608356,0.8088129445528449,40,180
gemma2_2b_it,gemma3_1b_pt,layer_4,cka,0.9146045446395874,0.9071232423186302,0.925513319671154,40,180
gemma2_2b_it,gemma3_1b_pt,layer_4,rsa_spearman,0.6179289664303914,0.5745227494216334,0.6743490469534262,40,180
gemma2_2b_it,gemma3_1b_pt,layer_8,cka,0.5451434150338172,0.5175741359591484,0.5730854287743569,40,180
gemma2_2b_it,gemma3_1b_pt,layer_8,rsa_spearman,0.8068969540870465,0.7650379648778319,0.8363739612855905,40,180
gemma2_2b_it,gemma3_4b_it,layer_0,cka,0.9915983453392982,0.9900219544768334,0.9929820194840431,40,180
gemma2_2b_it,gemma3_4b_it,layer_0,rsa_spearman,0.908199665192375,0.8947564978775616,0.9194067271052065,40,180
gemma2_2b_it,gemma3_4b_it,layer_12,cka,0.5615664646029472,0.4896087318658829,0.6142842397093773,40,180
gemma2_2b_it,gemma3_4b_it,layer_12,rsa_spearman,0.9231610617220752,0.9113811955975852,0.9321929983754217,40,180
gemma2_2b_it,gemma3_4b_it,layer_4,cka,0.9333701893687248,0.9256548807024956,0.9396527543663978,40,180
gemma2_2b_it,gemma3_4b_it,layer_4,rsa_spearman,0.6028271114988748,0.5599702629101613,0.6593958459524973,40,180
gemma2_2b_it,gemma3_4b_it,layer_8,cka,0.5697268195450306,0.5132542930543422,0.6120782986283302,40,180
gemma2_2b_it,gemma3_4b_it,layer_8,rsa_spearman,0.8422059405509404,0.8116786568650606,0.8571563565243334,40,180
gemma2_2b_it,gemma3_4b_pt,layer_0,cka,0.9918213471770286,0.9902498334646225,0.9932454749941826,40,180
gemma2_2b_it,gemma3_4b_pt,layer_0,rsa_spearman,0.9113710138542377,0.8990539973926671,0.9244038930878826,40,180
gemma2_2b_it,gemma3_4b_pt,layer_12,cka,0.4905221827328205,0.4493888929486275,0.5303293392062187,40,180
gemma2_2b_it,gemma3_4b_pt,layer_12,rsa_spearman,0.8931151777363429,0.8684345867222864,0.9106489936341774,40,180
gemma2_2b_it,gemma3_4b_pt,layer_4,cka,0.8891771703958511,0.8764650911092758,0.9032468274235725,40,180
gemma2_2b_it,gemma3_4b_pt,layer_4,rsa_spearman,0.5543038711980635,0.5047551967703043,0.6123881968411222,40,180
gemma2_2b_it,gemma3_4b_pt,layer_8,cka,0.5396752461791039,0.5109405219554901,0.5679684102535247,40,180
gemma2_2b_it,gemma3_4b_pt,layer_8,rsa_spearman,0.7771200499240839,0.7252998716750269,0.8075768144808804,40,180
gemma2_2b_it,lfm2_5_1_2b_base,layer_0,cka,0.9863626465201378,0.9836327955126762,0.9879934534430503,40,180
gemma2_2b_it,lfm2_5_1_2b_base,layer_0,rsa_spearman,0.8939109253590736,0.8795182831374387,0.907813097089263,40,180
gemma2_2b_it,lfm2_5_1_2b_base,layer_12,cka,0.9377758786082268,0.9288259088993073,0.9482523769140243,40,180
gemma2_2b_it,lfm2_5_1_2b_base,layer_12,rsa_spearman,0.8800186677044224,0.854478956394426,0.9031162851768587,40,180
gemma2_2b_it,lfm2_5_1_2b_base,layer_4,cka,0.9654374331235885,0.9618538558483124,0.9690386191010475,40,180
gemma2_2b_it,lfm2_5_1_2b_base,layer_4,rsa_spearman,0.7074169661802395,0.65802956685478,0.7464772234625467,40,180
gemma2_2b_it,lfm2_5_1_2b_base,layer_8,cka,0.9447670340538025,0.9388423666357995,0.9530650794506073,40,180
gemma2_2b_it,lfm2_5_1_2b_base,layer_8,rsa_spearman,0.7398188822605133,0.6995042179312128,0.772184023866827,40,180
gemma2_2b_it,lfm2_5_1_2b_instruct,layer_0,cka,0.9865782126784325,0.9839755967259407,0.9881586357951164,40,180
gemma2_2b_it,lfm2_5_1_2b_instruct,layer_0,rsa_spearman,0.8933584224371005,0.8794571787096548,0.906709949370731,40,180
gemma2_2b_it,lfm2_5_1_2b_instruct,layer_12,cka,0.918434725701809,0.9031572625041008,0.9340498343110084,40,180
gemma2_2b_it,lfm2_5_1_2b_instruct,layer_12,rsa_spearman,0.8225266110472953,0.7580872535670942,0.8686560170638903,40,180
gemma2_2b_it,lfm2_5_1_2b_instruct,layer_4,cka,0.9681527987122536,0.9657618016004562,0.9720529720187188,40,180
gemma2_2b_it,lfm2_5_1_2b_instruct,layer_4,rsa_spearman,0.7542538636461137,0.7243516597604907,0.7811185299467457,40,180
gemma2_2b_it,lfm2_5_1_2b_instruct,layer_8,cka,0.9424257963895798,0.9348940283060074,0.9503808408975601,40,180
gemma2_2b_it,lfm2_5_1_2b_instruct,layer_8,rsa_spearman,0.8310344869120072,0.7951615556197323,0.8562571694420354,40,180
gemma2_2b_it,lfm2_5_1_2b_thinking,layer_0,cka,0.9855817914009094,0.9829301789402962,0.9876286327838898,40,180
gemma2_2b_it,lfm2_5_1_2b_thinking,layer_0,rsa_spearman,0.9046201907500814,0.8921734067735726,0.919457970408511,40,180
gemma2_2b_it,lfm2_5_1_2b_thinking,layer_12,cka,0.843957993388176,0.825896467268467,0.8633669629693032,40,180
gemma2_2b_it,lfm2_5_1_2b_thinking,layer_12,rsa_spearman,0.6194162639133776,0.5625497159176484,0.6707854774388352,40,180
gemma2_2b_it,lfm2_5_1_2b_thinking,layer_4,cka,0.9467848867177964,0.9404915288090706,0.953384730219841,40,180
gemma2_2b_it,lfm2_5_1_2b_thinking,layer_4,rsa_spearman,0.6548088840548862,0.6049286369809441,0.6982296858494786,40,180
gemma2_2b_it,lfm2_5_1_2b_thinking,layer_8,cka,0.8736261814832688,0.8607309848070145,0.8884115353226661,40,180
gemma2_2b_it,lfm2_5_1_2b_thinking,layer_8,rsa_spearman,0.6293989246986167,0.5809113077169434,0.6912586983711776,40,180
gemma3_1b_it,gemma3_1b_pt,layer_0,cka,0.9974926233291626,0.9970630407333374,0.9978791624307632,40,180
gemma3_1b_it,gemma3_1b_pt,layer_0,rsa_spearman,0.9841385096476252,0.981927954883271,0.9864658257480493,40,180
gemma3_1b_it,gemma3_1b_pt,layer_12,cka,0.45985806435346605,0.41883081793785093,0.5264960870146751,40,180
gemma3_1b_it,gemma3_1b_pt,layer_12,rsa_spearman,0.8803695852725667,0.8540560097029483,0.8976133590813252,40,180
gemma3_1b_it,gemma3_1b_pt,layer_4,cka,0.8890629857778549,0.8712164461612701,0.9069475531578064,40,180
gemma3_1b_it,gemma3_1b_pt,layer_4,rsa_spearman,0.7831811365322491,0.7574848111264226,0.81878544047755,40,180
gemma3_1b_it,gemma3_1b_pt,layer_8,cka,0.5027974247932434,0.43435549437999726,0.5557935908436775,40,180
gemma3_1b_it,gemma3_1b_pt,layer_8,rsa_spearman,0.8528400764558093,0.8265257996826311,0.8732234720546207,40,180
gemma3_1b_it,gemma3_4b_it,layer_0,cka,0.9968860670924187,0.9965245574712753,0.9972992584109306,40,180
gemma3_1b_it,gemma3_4b_it,layer_0,rsa_spearman,0.9712622920371086,0.9649624311911142,0.9761576216385401,40,180
gemma3_1b_it,gemma3_4b_it,layer_12,cka,0.620290370285511,0.5701088428497314,0.6774659022688866,40,180
gemma3_1b_it,gemma3_4b_it,layer_12,rsa_spearman,0.9227143176926061,0.9122428166174975,0.9349174394113747,40,180
gemma3_1b_it,gemma3_4b_it,layer_4,cka,0.8827167108654976,0.8691285341978073,0.9005625799298287,40,180
gemma3_1b_it,gemma3_4b_it,layer_4,rsa_spearman,0.741277099707445,0.7083394638664854,0.7775356493816532,40,180
gemma3_1b_it,gemma3_4b_it,layer_8,cka,0.754470843076706,0.7091252252459526,0.795560222864151,40,180
gemma3_1b_it,gemma3_4b_it,layer_8,rsa_spearman,0.8614632187417154,0.8399845208388894,0.8816189506326666,40,180
gemma3_1b_it,gemma3_4b_pt,layer_0,cka,0.9965990945696831,0.9961253389716148,0.9970974817872047,40,180
gemma3_1b_it,gemma3_4b_pt,layer_0,rsa_spearman,0.9683544308811591,0.962162193330382,0.9728601038692137,40,180
gemma3_1b_it,gemma3_4b_pt,layer_12,cka,0.5308334171772003,0.4710382901132107,0.586097763478756,40,180
gemma3_1b_it,gemma3_4b_pt,layer_12,rsa_spearman,0.9044963239003485,0.8887826113342983,0.9155035097126152,40,180
gemma3_1b_it,gemma3_4b_pt,layer_4,cka,0.8697216659784317,0.8569985702633858,0.8967081218957901,40,180
gemma3_1b_it,gemma3_4b_pt,layer_4,rsa_spearman,0.6908045660341469,0.6487078827484044,0.7310428754952001,40,180
gemma3_1b_it,gemma3_4b_pt,layer_8,cka,0.47536439895629884,0.3882134579122066,0.5408527135848998,40,180
gemma3_1b_it,gemma3_4b_pt,layer_8,rsa_spearman,0.8100686672662677,0.7798045869477351,0.8392329582529735,40,180
gemma3_1b_it,lfm2_5_1_2b_base,layer_0,cka,0.9841963529586792,0.9823856934905052,0.9864844024181366,40,180
gemma3_1b_it,lfm2_5_1_2b_base,layer_0,rsa_spearman,0.899778841729729,0.8781922209560816,0.9175379601914887,40,180
gemma3_1b_it,lfm2_5_1_2b_base,layer_12,cka,0.6221838727593422,0.5807301625609398,0.6621909767389297,40,180
gemma3_1b_it,lfm2_5_1_2b_base,layer_12,rsa_spearman,0.8240460970294137,0.7909269371542337,0.8444856021555245,40,180
gemma3_1b_it,lfm2_5_1_2b_base,layer_4,cka,0.8787433981895447,0.8618746533989906,0.8952482044696808,40,180
gemma3_1b_it,lfm2_5_1_2b_base,layer_4,rsa_spearman,0.6425274871028094,0.6094690233567537,0.6777305256658345,40,180
gemma3_1b_it,lfm2_5_1_2b_base,layer_8,cka,0.5914851278066635,0.5525087758898735,0.6169565573334693,40,180
gemma3_1b_it,lfm2_5_1_2b_base,layer_8,rsa_spearman,0.7226433214889985,0.6748855908783755,0.76283423338823,40,180
gemma3_1b_it,lfm2_5_1_2b_instruct,layer_0,cka,0.9843590497970581,0.9823790729045868,0.9866520628333092,40,180
gemma3_1b_it,lfm2_5_1_2b_instruct,layer_0,rsa_spearman,0.8994172383238853,0.8774373833251736,0.9178661331897623,40,180
gemma3_1b_it,lfm2_5_1_2b_instruct,layer_12,cka,0.686481162905693,0.6458628371357917,0.7217127293348312,40,180
gemma3_1b_it,lfm2_5_1_2b_instruct,layer_12,rsa_spearman,0.7360002795415925,0.6858437341181896,0.7765969901295597,40,180
gemma3_1b_it,lfm2_5_1_2b_instruct,layer_4,cka,0.8845411449670791,0.8690338924527168,0.8976057976484298,40,180
gemma3_1b_it,lfm2_5_1_2b_instruct,layer_4,rsa_spearman,0.7137810872859671,0.6772220025460777,0.7458650528058208,40,180
gemma3_1b_it,lfm2_5_1_2b_instruct,layer_8,cka,0.5719037905335427,0.5220366388559341,0.6196867987513542,40,180
gemma3_1b_it,lfm2_5_1_2b_instruct,layer_8,rsa_spearman,0.7677752186044204,0.714746197751784,0.8095622247040611,40,180
gemma3_1b_it,lfm2_5_1_2b_thinking,layer_0,cka,0.9820884361863136,0.9797933787107468,0.9856544360518456,40,180
gemma3_1b_it,lfm2_5_1_2b_thinking,layer_0,rsa_spearman,0.8802693493998508,0.8603538018898147,0.9006148399165474,40,180
gemma3_1b_it,lfm2_5_1_2b_thinking,layer_12,cka,0.5790815055370331,0.5403695851564407,0.6289916172623634,40,180
gemma3_1b_it,lfm2_5_1_2b_thinking,layer_12,rsa_spearman,0.6515645737250889,0.6098878166339768,0.6999381787119047,40,180
gemma3_1b_it,lfm2_5_1_2b_thinking,layer_4,cka,0.8865675568580628,0.8676020562648773,0.9056506022810936,40,180
gemma3_1b_it,lfm2_5_1_2b_thinking,layer_4,rsa_spearman,0.6282751977994286,0.5907303881352951,0.6715477621569172,40,180
gemma3_1b_it,lfm2_5_1_2b_thinking,layer_8,cka,0.5166756182909011,0.47696459144353864,0.5574470937252044,40,180
gemma3_1b_it,lfm2_5_1_2b_thinking,layer_8,rsa_spearman,0.6782410709988632,0.6248408138701309,0.7273625275193453,40,180
gemma3_1b_pt,gemma3_4b_it,layer_0,cka,0.9978007718920707,0.9974215939640999,0.9980383232235909,40,180
gemma3_1b_pt,gemma3_4b_it,layer_0,rsa_spearman,0.9750961152877032,0.9710682012422539,0.9781728896762546,40,180
gemma3_1b_pt,gemma3_4b_it,layer_12,cka,0.19492940120399,0.16381276324391364,0.23794584684073924,40,180
gemma3_1b_pt,gemma3_4b_it,layer_12,rsa_spearman,0.8635435909430932,0.8441584018599837,0.8845878234054843,40,180
gemma3_1b_pt,gemma3_4b_it,layer_4,cka,0.9281227797269821,0.9227110281586647,0.9360567048192024,40,180
gemma3_1b_pt,gemma3_4b_it,layer_4,rsa_spearman,0.7726836857014894,0.7461176027657923,0.795125233648543,40,180
gemma3_1b_pt,gemma3_4b_it,layer_8,cka,0.5645650058984757,0.49850231856107713,0.628130155801773,40,180
gemma3_1b_pt,gemma3_4b_it,layer_8,rsa_spearman,0.8219837479052309,0.7924010228527368,0.851719768819827,40,180
gemma3_1b_pt,gemma3_4b_pt,layer_0,cka,0.9979873090982437,0.9976558431982994,0.998164489865303,40,180
gemma3_1b_pt,gemma3_4b_pt,layer_0,rsa_spearman,0.9758112970513011,0.9723584182803129,0.978867998737835,40,180
gemma3_1b_pt,gemma3_4b_pt,layer_12,cka,0.7072398945689201,0.6589397385716438,0.765036316215992,40,180
gemma3_1b_pt,gemma3_4b_pt,layer_12,rsa_spearman,0.9014949328672394,0.8865383673967827,0.9168489612362705,40,180
gemma3_1b_pt,gemma3_4b_pt,layer_4,cka,0.911679781973362,0.8991748332977295,0.924093833565712,40,180
gemma3_1b_pt,gemma3_4b_pt,layer_4,rsa_spearman,0.7701141286847915,0.7406518134985639,0.7948795417858353,40,180
gemma3_1b_pt,gemma3_4b_pt,layer_8,cka,0.8510939359664917,0.8199760034680367,0.8815377578139305,40,180
gemma3_1b_pt,gemma3_4b_pt,layer_8,rsa_spearman,0.7945712517974712,0.7543314957841266,0.8315184248966847,40,180
gemma3_1b_pt,lfm2_5_1_2b_base,layer_0,cka,0.9858910948038101,0.983664907515049,0.9884361937642098,40,180
gemma3_1b_pt,lfm2_5_1_2b_base,layer_0,rsa_spearman,0.9174601990431921,0.89771568519919,0.9355386140673162,40,180
gemma3_1b_pt,lfm2_5_1_2b_base,layer_12,cka,0.6264851942658425,0.5878497838974,0.6620762079954147,40,180
gemma3_1b_pt,lfm2_5_1_2b_base,layer_12,rsa_spearman,0.7910920624082078,0.7521661048192827,0.8293045813327147,40,180
gemma3_1b_pt,lfm2_5_1_2b_base,layer_4,cka,0.9336089462041854,0.922388656437397,0.9465827167034149,40,180
gemma3_1b_pt,lfm2_5_1_2b_base,layer_4,rsa_spearman,0.6387559159925138,0.5987748641339949,0.6785696103136593,40,180
gemma3_1b_pt,lfm2_5_1_2b_base,layer_8,cka,0.503626824170351,0.47637596651911734,0.535295432806015,40,180
gemma3_1b_pt,lfm2_5_1_2b_base,layer_8,rsa_spearman,0.6322792495976726,0.558016174361128,0.6795557609399018,40,180
gemma3_1b_pt,lfm2_5_1_2b_instruct,layer_0,cka,0.9862060442566871,0.983910670876503,0.9887464359402657,40,180
gemma3_1b_pt,lfm2_5_1_2b_instruct,layer_0,rsa_spearman,0.9172157029797436,0.8981062227821522,0.9355130130822944,40,180
gemma3_1b_pt,lfm2_5_1_2b_instruct,layer_12,cka,0.556737843155861,0.5024782359600067,0.5915400907397269,40,180
gemma3_1b_pt,lfm2_5_1_2b_instruct,layer_12,rsa_spearman,0.7016714516842233,0.6586077862371525,0.7385395325008973,40,180
gemma3_1b_pt,lfm2_5_1_2b_instruct,layer_4,cka,0.9297545999288559,0.9190003260970115,0.9404027983546257,40,180
gemma3_1b_pt,lfm2_5_1_2b_instruct,layer_4,rsa_spearman,0.662302052099166,0.6268532393178354,0.6951837469757529,40,180
gemma3_1b_pt,lfm2_5_1_2b_instruct,layer_8,cka,0.5254057109355926,0.4895460642874241,0.5628776594996452,40,180
gemma3_1b_pt,lfm2_5_1_2b_instruct,layer_8,rsa_spearman,0.6791442589469897,0.6061171175644205,0.7224150810928113,40,180
gemma3_1b_pt,lfm2_5_1_2b_thinking,layer_0,cka,0.9842260912060737,0.9815374255180359,0.9872179567813874,40,180
gemma3_1b_pt,lfm2_5_1_2b_thinking,layer_0,rsa_spearman,0.9004828313639605,0.8843835785127715,0.9193739408941919,40,180
gemma3_1b_pt,lfm2_5_1_2b_thinking,layer_12,cka,0.6679810583591461,0.6285432934761047,0.7165308505296707,40,180
gemma3_1b_pt,lfm2_5_1_2b_thinking,layer_12,rsa_spearman,0.6634822434903125,0.616340467652511,0.7061411681010279,40,180
gemma3_1b_pt,lfm2_5_1_2b_thinking,layer_4,cka,0.9267515912652016,0.9165388539433479,0.9378793850541115,40,180
gemma3_1b_pt,lfm2_5_1_2b_thinking,layer_4,rsa_spearman,0.6312287970600015,0.5825682784287587,0.6890038401428289,40,180
gemma3_1b_pt,lfm2_5_1_2b_thinking,layer_8,cka,0.5356928236782551,0.5062976188957691,0.5771705135703087,40,180
gemma3_1b_pt,lfm2_5_1_2b_thinking,layer_8,rsa_spearman,0.6008898871681178,0.5449925524483353,0.6409248390650829,40,180
gemma3_4b_it,gemma3_4b_pt,layer_0,cka,0.9997795581817627,0.9997575283050537,0.9997998550534248,40,180
gemma3_4b_it,gemma3_4b_pt,layer_0,rsa_spearman,0.9983582402662142,0.998177547871747,0.9985463692447543,40,180
gemma3_4b_it,gemma3_4b_pt,layer_12,cka,0.17914213985204697,0.12115441970527172,0.24777158834040164,40,180
gemma3_4b_it,gemma3_4b_pt,layer_12,rsa_spearman,0.9522936448810174,0.9390904092759794,0.9611364170586817,40,180
gemma3_4b_it,gemma3_4b_pt,layer_4,cka,0.9638748928904534,0.9573362484574318,0.969393165409565,40,180
gemma3_4b_it,gemma3_4b_pt,layer_4,rsa_spearman,0.9397831188441319,0.9283908123779794,0.9525746683835664,40,180
gemma3_4b_it,gemma3_4b_pt,layer_8,cka,0.6340743526816368,0.5742368295788765,0.6780865088105201,40,180
gemma3_4b_it,gemma3_4b_pt,layer_8,rsa_spearman,0.9351553753975619,0.9110774141611233,0.9480324318016088,40,180
gemma3_4b_it,lfm2_5_1_2b_base,layer_0,cka,0.9883583903312683,0.9865536838769913,0.9904621139168739,40,180
gemma3_4b_it,lfm2_5_1_2b_base,layer_0,rsa_spearman,0.9180357266136774,0.9016932441771032,0.9369492952955177,40,180
gemma3_4b_it,lfm2_5_1_2b_base,layer_12,cka,0.44249682649970057,0.37404911443591116,0.48799450173974035,40,180
gemma3_4b_it,lfm2_5_1_2b_base,layer_12,rsa_spearman,0.8897752737828384,0.8740415594586732,0.9075544748302015,40,180
gemma3_4b_it,lfm2_5_1_2b_base,layer_4,cka,0.936720372736454,0.9290307328104973,0.9415206640958786,40,180
gemma3_4b_it,lfm2_5_1_2b_base,layer_4,rsa_spearman,0.5967875783576903,0.5517107814430527,0.6277844648646427,40,180
gemma3_4b_it,lfm2_5_1_2b_base,layer_8,cka,0.5028086200356483,0.452169331908226,0.5514168009161949,40,180
gemma3_4b_it,lfm2_5_1_2b_base,layer_8,rsa_spearman,0.7579406429487523,0.7197563770540889,0.7946592977909458,40,180
gemma3_4b_it,lfm2_5_1_2b_instruct,layer_0,cka,0.9886133089661598,0.9869461506605148,0.9907173365354538,40,180
gemma3_4b_it,lfm2_5_1_2b_instruct,layer_0,rsa_spearman,0.9176418288504771,0.9006651675711975,0.9373215807894503,40,180
gemma3_4b_it,lfm2_5_1_2b_instruct,layer_12,cka,0.5197052873671055,0.4508627071976662,0.5715607732534409,40,180
gemma3_4b_it,lfm2_5_1_2b_instruct,layer_12,rsa_spearman,0.7808826887395163,0.7153971016878886,0.8267798642196181,40,180
gemma3_4b_it,lfm2_5_1_2b_instruct,layer_4,cka,0.9405589640140534,0.9340060368180275,0.9456453427672387,40,180
gemma3_4b_it,lfm2_5_1_2b_instruct,layer_4,rsa_spearman,0.5954074138398265,0.5456239100743832,0.6440147919800498,40,180
gemma3_4b_it,lfm2_5_1_2b_instruct,layer_8,cka,0.5068212687969208,0.4467711679637432,0.5583847776055336,40,180
gemma3_4b_it,lfm2_5_1_2b_instruct,layer_8,rsa_spearman,0.787119846302681,0.745420466195112,0.8150360550101754,40,180
gemma3_4b_it,lfm2_5_1_2b_thinking,layer_0,cka,0.9867498010396958,0.9846474230289459,0.9896497130393982,40,180
gemma3_4b_it,lfm2_5_1_2b_thinking,layer_0,rsa_spearman,0.9074007999593633,0.8902242518294738,0.9254745970413885,40,180
gemma3_4b_it,lfm2_5_1_2b_thinking,layer_12,cka,0.3037783563137054,0.26291787028312685,0.3643652580678463,40,180
gemma3_4b_it,lfm2_5_1_2b_thinking,layer_12,rsa_spearman,0.6775593667589591,0.6287279769648131,0.729991124968491,40,180
gemma3_4b_it,lfm2_5_1_2b_thinking,layer_4,cka,0.9297085642814636,0.9251847743988038,0.9371027037501335,40,180
gemma3_4b_it,lfm2_5_1_2b_thinking,layer_4,rsa_spearman,0.5280834116587221,0.4906317381793326,0.5722026298806522,40,180
gemma3_4b_it,lfm2_5_1_2b_thinking,layer_8,cka,0.4564216434955597,0.4182928502559662,0.4917734511196613,40,180
gemma3_4b_it,lfm2_5_1_2b_thinking,layer_8,rsa_spearman,0.7239101662858521,0.6874835982623826,0.7569446099350016,40,180
gemma3_4b_pt,lfm2_5_1_2b_base,layer_0,cka,0.9887670129537582,0.9869317665696145,0.9907471150159836,40,180
gemma3_4b_pt,lfm2_5_1_2b_base,layer_0,rsa_spearman,0.9208709976033889,0.9043190329759896,0.9397710555932403,40,180
gemma3_4b_pt,lfm2_5_1_2b_base,layer_12,cka,0.43999300971627237,0.4035336457192898,0.47275592833757396,40,180
gemma3_4b_pt,lfm2_5_1_2b_base,layer_12,rsa_spearman,0.8645833681258545,0.8365877469060766,0.8838943605031337,40,180
gemma3_4b_pt,lfm2_5_1_2b_base,layer_4,cka,0.9167981907725334,0.9054098024964332,0.9283569440245628,40,180
gemma3_4b_pt,lfm2_5_1_2b_base,layer_4,rsa_spearman,0.6244287851048407,0.5884527276901976,0.6578037154592734,40,180
gemma3_4b_pt,lfm2_5_1_2b_base,layer_8,cka,0.4993632614612579,0.4733673334121704,0.5312470942735672,40,180
gemma3_4b_pt,lfm2_5_1_2b_base,layer_8,rsa_spearman,0.7614600584905802,0.7265233885602529,0.7945803010208639,40,180
gemma3_4b_pt,lfm2_5_1_2b_instruct,layer_0,cka,0.989124096930027,0.987403467297554,0.991094532608986,40,180
gemma3_4b_pt,lfm2_5_1_2b_instruct,layer_0,rsa_spearman,0.9206921206209262,0.9036551234650225,0.9402428378428942,40,180
gemma3_4b_pt,lfm2_5_1_2b_instruct,layer_12,cka,0.40917784422636033,0.3559279449284077,0.4689945504069328,40,180
gemma3_4b_pt,lfm2_5_1_2b_instruct,layer_12,rsa_spearman,0.7633521282330578,0.7057314450606619,0.8080921804248647,40,180
gemma3_4b_pt,lfm2_5_1_2b_instruct,layer_4,cka,0.9139774560928344,0.9036311388015748,0.9266947865486145,40,180
gemma3_4b_pt,lfm2_5_1_2b_instruct,layer_4,rsa_spearman,0.5834779636928599,0.5360348414672952,0.6316129621151538,40,180
gemma3_4b_pt,lfm2_5_1_2b_instruct,layer_8,cka,0.5263652972877025,0.4813670039176941,0.5608883738517761,40,180
gemma3_4b_pt,lfm2_5_1_2b_instruct,layer_8,rsa_spearman,0.7508738910528934,0.7100728571391501,0.7931378689857156,40,180
gemma3_4b_pt,lfm2_5_1_2b_thinking,layer_0,cka,0.9874389380216598,0.9853882402181625,0.9901795729994773,40,180
gemma3_4b_pt,lfm2_5_1_2b_thinking,layer_0,rsa_spearman,0.9117510722855181,0.8962837902996532,0.9297595396700138,40,180
gemma3_4b_pt,lfm2_5_1_2b_thinking,layer_12,cka,0.5778158903121948,0.5205628409981727,0.6289924025535583,40,180
gemma3_4b_pt,lfm2_5_1_2b_thinking,layer_12,rsa_spearman,0.6600625554124544,0.6156534609167007,0.7016984286092902,40,180
gemma3_4b_pt,lfm2_5_1_2b_thinking,layer_4,cka,0.9163700714707375,0.9052212968468666,0.9303273588418961,40,180
gemma3_4b_pt,lfm2_5_1_2b_thinking,layer_4,rsa_spearman,0.5288865663452309,0.49512576894506644,0.5752506519242868,40,180
gemma3_4b_pt,lfm2_5_1_2b_thinking,layer_8,cka,0.5260511010885238,0.4866677410900593,0.5730808660387993,40,180
gemma3_4b_pt,lfm2_5_1_2b_thinking,layer_8,rsa_spearman,0.7732235089851686,0.741289180235244,0.7984977257931292,40,180
lfm2_5_1_2b_base,lfm2_5_1_2b_instruct,layer_0,cka,0.9998929142951966,0.9998815447092056,0.999904403090477,40,180
lfm2_5_1_2b_base,lfm2_5_1_2b_instruct,layer_0,rsa_spearman,0.999578605961366,0.9995249107422008,0.999640939951264,40,180
lfm2_5_1_2b_base,lfm2_5_1_2b_instruct,layer_12,cka,0.8842908203601837,0.8693996742367744,0.9031487345695496,40,180
lfm2_5_1_2b_base,lfm2_5_1_2b_instruct,layer_12,rsa_spearman,0.8610217724971194,0.8233401694537984,0.8976874048324175,40,180
lfm2_5_1_2b_base,lfm2_5_1_2b_instruct,layer_4,cka,0.9905539065599441,0.9890413403511047,0.9916009187698365,40,180
lfm2_5_1_2b_base,lfm2_5_1_2b_instruct,layer_4,rsa_spearman,0.8463508373437107,0.8271161611353871,0.8614829872989814,40,180
lfm2_5_1_2b_base,lfm2_5_1_2b_instruct,layer_8,cka,0.9524894699454307,0.9467236116528511,0.956768499314785,40,180
lfm2_5_1_2b_base,lfm2_5_1_2b_instruct,layer_8,rsa_spearman,0.889428506910065,0.8621169331641371,0.9051978991386532,40,180
lfm2_5_1_2b_base,lfm2_5_1_2b_thinking,layer_0,cka,0.9991390630602837,0.9990339070558548,0.9992050439119339,40,180
lfm2_5_1_2b_base,lfm2_5_1_2b_thinking,layer_0,rsa_spearman,0.992544101189201,0.9914450456458843,0.9939670365831254,40,180
lfm2_5_1_2b_base,lfm2_5_1_2b_thinking,layer_12,cka,0.8487540423870087,0.8357029050588608,0.8666036337614059,40,180
lfm2_5_1_2b_base,lfm2_5_1_2b_thinking,layer_12,rsa_spearman,0.5820808653128328,0.5196847641315901,0.6395573148957283,40,180
lfm2_5_1_2b_base,lfm2_5_1_2b_thinking,layer_4,cka,0.9741828620433808,0.9714257091283798,0.9765305399894715,40,180
lfm2_5_1_2b_base,lfm2_5_1_2b_thinking,layer_4,rsa_spearman,0.808984294399108,0.7854093704890431,0.8420993578065268,40,180
lfm2_5_1_2b_base,lfm2_5_1_2b_thinking,layer_8,cka,0.9544766187667847,0.9474923685193062,0.9618429332971573,40,180
lfm2_5_1_2b_base,lfm2_5_1_2b_thinking,layer_8,rsa_spearman,0.8857206409308983,0.8666120165408036,0.9112347544356101,40,180
lfm2_5_1_2b_instruct,lfm2_5_1_2b_thinking,layer_0,cka,0.9993153378367424,0.9992185071110725,0.9993853241205215,40,180
lfm2_5_1_2b_instruct,lfm2_5_1_2b_thinking,layer_0,rsa_spearman,0.9930059696267641,0.9918777857293986,0.994531477149637,40,180
lfm2_5_1_2b_instruct,lfm2_5_1_2b_thinking,layer_12,cka,0.7703848719596863,0.7440050706267357,0.8028963536024094,40,180
lfm2_5_1_2b_instruct,lfm2_5_1_2b_thinking,layer_12,rsa_spearman,0.5747335804046291,0.48806715494917735,0.6416460763683992,40,180
lfm2_5_1_2b_instruct,lfm2_5_1_2b_thinking,layer_4,cka,0.9859954431653023,0.9851663544774055,0.9870191678404808,40,180
lfm2_5_1_2b_instruct,lfm2_5_1_2b_thinking,layer_4,rsa_spearman,0.9102884576813857,0.8956606242532095,0.9248816832434852,40,180
lfm2_5_1_2b_instruct,lfm2_5_1_2b_thinking,layer_8,cka,0.9099400922656059,0.8958785071969032,0.9238840192556381,40,180
lfm2_5_1_2b_instruct,lfm2_5_1_2b_thinking,layer_8,rsa_spearman,0.7976494156372131,0.7567323489151854,0.8507570152951837,40,180
